name,datetime,tempmax,tempmin,temp,feelslikemax,feelslikemin,feelslike,dew,humidity,precip,precipprob,precipcover,preciptype,snow,snowdepth,windgust,windspeed,winddir,sealevelpressure,cloudcover,visibility,solarradiation,solarenergy,uvindex,severerisk,sunrise,sunset,moonphase,conditions,description,icon,stations
Faisalabad,2024-01-01,70.8,49.9,56.1,70.8,49.9,56.1,34.8,51,0,0,0,,0,0,5.4,4,273,1019.1,0,10.8,143.9,12.5,6,10,2024-01-01T07:06:46,2024-01-01T17:15:10,0.67,Clear,Clear conditions throughout the day.,clear-day,"remote,41630099999"
Faisalabad,2024-01-02,70.1,47.4,55.3,70.1,47.4,55.3,33.7,49.7,0,0,0,,0,0,4.3,4,253.1,1018.5,27,10.9,144.1,12.5,6,10,2024-01-02T07:07:00,2024-01-02T17:15:53,0.7,Partially cloudy,Becoming cloudy in the afternoon.,partly-cloudy-day,"remote,41630099999"
Faisalabad,2024-01-03,69,47.4,55.8,69,47.4,55.8,31.6,44.7,0,0,0,,0,0,4.7,3.8,22.4,1018.4,28.5,11.4,144.3,12.5,6,10,2024-01-03T07:07:12,2024-01-03T17:16:38,0.73,Partially cloudy,Partly cloudy throughout the day.,partly-cloudy-day,"remote,41630099999"
Faisalabad,2024-01-04,69.9,42,55.5,69.9,42,55.5,30.9,44.6,0,0,0,,0,0,3.8,3.8,278.6,1018.6,49.2,11.4,141.3,12.2,6,10,2024-01-04T07:07:23,2024-01-04T17:17:23,0.75,Partially cloudy,Partly cloudy throughout the day.,partly-cloudy-day,"remote,41630099999"
Faisalabad,2024-01-05,69.2,42,54.2,69.2,42,54.1,31.8,48.6,0,0,0,,0,0,4,4.7,320.5,1018.5,61.2,10.8,138.4,11.9,6,10,2024-01-05T07:07:32,2024-01-05T17:18:09,0.8,Partially cloudy,Partly cloudy throughout the day.,partly-cloudy-day,"remote,41630099999"
Faisalabad,2024-01-06,68.4,44.7,54.1,68.4,42.4,54,31.1,47.2,0,0,0,,0,0,4.3,4.5,351.7,1020.4,4.2,11.4,146,12.6,6,10,2024-01-06T07:07:39,2024-01-06T17:18:55,0.83,Clear,Clear conditions throughout the day.,clear-day,"remote,41630099999"
Faisalabad,2024-01-07,68.8,42.9,53,68.8,42.9,53,30.8,50.2,0,0,0,,0,0,2.2,2.2,206.4,1021.1,29.2,10.8,147.5,12.8,6,10,2024-01-07T07:07:44,2024-01-07T17:19:43,0.86,Partially cloudy,Partly cloudy throughout the day.,partly-cloudy-day,"remote,41630099999"
Faisalabad,2024-01-08,68.4,42.9,54.3,68.4,42.9,54.3,31,47.8,0,0,0,,0,0,5.6,4.9,223.9,1020.4,30.8,11.3,145.8,12.6,6,10,2024-01-08T07:07:48,2024-01-08T17:20:32,0.9,Partially cloudy,Partly cloudy throughout the day.,partly-cloudy-day,"remote,41630099999"
Faisalabad,2024-01-09,69.2,40.2,54.6,69.2,40.2,54.5,32.3,48.6,0,0,0,,0,0,7.4,5.4,335.1,1020.9,23.9,11.4,146.3,12.5,6,10,2024-01-09T07:07:50,2024-01-09T17:21:21,0.93,Partially cloudy,Partly cloudy throughout the day.,partly-cloudy-day,"remote,41630099999"
Faisalabad,2024-01-10,72.8,40.2,54.2,72.8,40.2,54,31.5,50.2,0,0,0,,0,0,8.5,7.4,275.9,1019.9,0.4,10.7,150.3,13.1,6,10,2024-01-10T07:07:51,2024-01-10T17:22:10,0.96,Clear,Clear conditions throughout the day.,clear-day,"remote,41630099999"
Faisalabad,2024-01-11,73.7,42.9,55,73.7,42.9,54.9,29.8,47.2,0,0,0,,0,0,8.3,6,257.1,1019.2,1.7,10.8,152.3,13.2,6,10,2024-01-11T07:07:49,2024-01-11T17:23:01,0,Clear,Clear conditions throughout the day.,clear-day,"remote,41630099999"
Faisalabad,2024-01-12,71.9,40.2,55.3,71.9,38,55.1,29.3,45.9,0,0,0,,0,0,8.3,5.6,272.1,1018.2,79.3,10.7,110.5,9.6,4,10,2024-01-12T07:07:46,2024-01-12T17:23:52,0.03,Partially cloudy,Partly cloudy throughout the day.,partly-cloudy-day,"remote,41630099999"
Faisalabad,2024-01-13,72.9,44.7,56.8,72.9,44.7,56.8,28.5,42.9,0,0,0,,0,0,4.9,4,223,1017,35,10.7,154.7,13.2,6,10,2024-01-13T07:07:41,2024-01-13T17:24:44,0.06,Partially cloudy,Clearing in the afternoon.,partly-cloudy-day,"remote,41630099999"
Faisalabad,2024-01-14,73.5,41.1,55.2,73.5,41.1,55.2,26.9,41.8,0,0,0,,0,0,6.5,5.4,299.4,1018.1,1.5,10.8,155.2,13.3,6,10,2024-01-14T07:07:35,2024-01-14T17:25:36,0.1,Clear,Clear conditions throughout the day.,clear-day,"remote,41630099999"
Faisalabad,2024-01-15,74.4,39.3,54.2,74.4,39.3,54.1,25.1,43.9,0,0,0,,0,0,5.8,4.7,243.7,1016.7,40.3,10.7,153.5,13.2,6,10,2024-01-15T07:07:26,2024-01-15T17:26:28,0.13,Partially cloudy,Becoming cloudy in the afternoon.,partly-cloudy-day,"remote,41630099999"
Faisalabad,2024-01-16,69.9,39.3,54.4,69.9,39.3,54.3,21.2,35.6,0,0,0,,0,0,5.6,4.9,109.3,1014.9,12.6,12,156.3,13.3,6,10,2024-01-16T07:07:16,2024-01-16T17:27:21,0.17,Clear,Clear conditions throughout the day.,clear-day,"remote,41630099999"
Faisalabad,2024-01-17,69.7,40.2,53.6,69.7,40.2,53,24.7,39.8,0,0,0,,0,0,7.4,5.8,45,1015.8,37.3,11.9,144.6,12.6,6,10,2024-01-17T07:07:05,2024-01-17T17:28:14,0.2,Partially cloudy,Partly cloudy throughout the day.,partly-cloudy-day,"remote,41630099999"
Faisalabad,2024-01-18,71.5,40.2,54.8,71.5,40.1,54.7,26.9,42.4,0,0,0,,0,0,4,4.7,65.7,1017.7,3.9,11.3,157,13.4,6,10,2024-01-18T07:06:51,2024-01-18T17:29:08,0.25,Clear,Clear conditions throughout the day.,clear-day,"remote,41630099999"
Faisalabad,2024-01-19,73.3,43.8,55.8,73.3,43.2,55.7,27.7,43.4,0,0,0,,0,0,4.5,4.7,193.4,1018.2,2.9,10.7,159.1,13.7,6,10,2024-01-19T07:06:36,2024-01-19T17:30:02,0.27,Clear,Clear conditions throughout the day.,clear-day,"remote,41630099999"
Faisalabad,2024-01-20,71.3,44.7,54.5,71.3,42.2,54.4,28.2,45.3,0,0,0,,0,0,4.5,4.7,168.4,1019.1,15.9,10.7,159.4,13.8,6,10,2024-01-20T07:06:19,2024-01-20T17:30:56,0.31,Clear,Clear conditions throughout the day.,clear-day,"remote,41630099999"
Faisalabad,2024-01-21,73.1,44.7,54.5,73.1,44.7,54.5,26.7,43,0,0,0,,0,0,7.8,6,268.2,1019,23.9,10.8,163,14,6,10,2024-01-21T07:06:00,2024-01-21T17:31:51,0.34,Partially cloudy,Partly cloudy throughout the day.,partly-cloudy-day,"remote,41630099999"
Faisalabad,2024-01-22,71.1,44.7,54.1,71.1,42.2,53.7,23.6,39.7,0,0,0,,0,0,5.8,5.1,137,1018.8,23.2,10.8,160.9,13.9,6,10,2024-01-22T07:05:40,2024-01-22T17:32:45,0.38,Partially cloudy,Partly cloudy throughout the day.,partly-cloudy-day,"remote,41630099999"
Faisalabad,2024-01-23,68.8,45.6,53.1,68.8,44.3,52.8,24.4,41.8,0,0,0,,0,0,4.3,4.5,67,1019.4,3.8,10.8,165.8,14.2,6,10,2024-01-23T07:05:18,2024-01-23T17:33:40,0.41,Clear,Clear conditions throughout the day.,clear-day,"remote,41630099999"
Faisalabad,2024-01-24,69.3,45.4,53.3,69.3,45.4,53.3,24.7,41.8,0,0,0,,0,0,3.1,3.1,182.1,1019.2,19,10.8,167.8,14.4,7,10,2024-01-24T07:04:55,2024-01-24T17:34:35,0.45,Clear,Clear conditions throughout the day.,clear-day,"remote,41630099999"
Faisalabad,2024-01-25,66.5,45.6,53.3,66.5,43.2,53,24.4,42.3,0,0,0,,0,0,4,4.7,145.3,1021.1,83.6,10.8,113.5,9.8,5,10,2024-01-25T07:04:29,2024-01-25T17:35:30,0.5,Partially cloudy,Partly cloudy throughout the day.,partly-cloudy-day,"remote,41630099999"
Faisalabad,2024-01-26,69.9,44.7,55.3,69.9,44.7,55.2,25.5,39.2,0,0,0,,0,0,5.8,4.9,318.6,1022.2,63.5,10.9,147.8,12.9,6,10,2024-01-26T07:04:03,2024-01-26T17:36:24,0.52,Partially cloudy,Partly cloudy throughout the day.,partly-cloudy-day,"remote,41630099999"
Faisalabad,2024-01-27,73.5,42,59.5,73.5,42,59.5,30.7,37,0,0,0,,0,0,6.9,6,313.7,1020.2,56.4,11.7,150.5,12.9,6,10,2024-01-27T07:03:34,2024-01-27T17:37:19,0.55,Partially cloudy,Becoming cloudy in the afternoon.,partly-cloudy-day,"remote,41630099999"
Faisalabad,2024-01-28,73.8,50.1,61.2,73.8,50.1,61.2,33.7,39.3,0,0,0,,0,0,5.1,6.7,214.5,1017.1,54.2,11.3,146.3,12.6,6,10,2024-01-28T07:03:04,2024-01-28T17:38:14,0.58,Partially cloudy,Partly cloudy throughout the day.,partly-cloudy-day,"remote,41630099999"
Faisalabad,2024-01-29,73.5,49.2,59.9,73.5,49.2,59.9,34.8,43.4,0,0,0,,0,0,8.1,6.9,19.4,1018.4,9.8,11.2,167.7,14.4,6,10,2024-01-29T07:02:32,2024-01-29T17:39:09,0.62,Clear,Clear conditions throughout the day.,clear-day,"remote,41630099999"
Faisalabad,2024-01-30,74.4,51,60.7,74.4,51,60.7,41.2,53.1,0,0,0,,0,0,7.6,6,37.1,1016.6,17.2,10.4,166.3,14.3,6,10,2024-01-30T07:01:59,2024-01-30T17:40:04,0.65,Clear,Clear conditions throughout the day.,clear-day,"remote,41630099999"
Faisalabad,2024-01-31,74.9,51.3,61.6,74.9,51.3,61.6,40.6,50.9,0,0,0,,0,0,17.2,9.2,122.1,1014.2,43.5,10.8,170.8,14.8,7,10,2024-01-31T07:01:25,2024-01-31T17:40:58,0.68,Partially cloudy,Partly cloudy throughout the day.,partly-cloudy-day,"remote,41630099999"
Faisalabad,2024-02-01,70.1,49.5,57.9,70.1,48,57.8,45.8,68,0.354,100,4.17,rain,0,0,15.7,16.1,35.4,1014.7,16.9,10.8,173,15.1,7,10,2024-02-01T07:00:48,2024-02-01T17:41:53,0.72,Rain,Clear conditions throughout the day with early morning rain.,rain,"remote,41630099999"
Faisalabad,2024-02-02,69.7,45.4,56.6,69.7,42.3,55.9,37.1,54.4,0,0,0,,0,0,19.9,8.5,52.3,1021.2,29.6,10.7,172.5,14.9,7,10,2024-02-02T07:00:11,2024-02-02T17:42:47,0.75,Partially cloudy,Becoming cloudy in the afternoon.,partly-cloudy-day,"remote,41630099999"
Faisalabad,2024-02-03,67,53.5,58.1,67,53.5,58.1,37.1,47.2,0,0,0,,0,0,19.5,11.9,23.8,1019.2,85.4,10.8,98.9,8.5,5,10,2024-02-03T06:59:31,2024-02-03T17:43:41,0.75,Partially cloudy,Partly cloudy throughout the day.,partly-cloudy-day,"remote,41630099999"
Faisalabad,2024-02-04,62.7,49.9,55.2,62.7,47.9,55.1,47.5,75.9,0.196,100,8.33,rain,0,0,16.6,8.5,43.8,1017.9,58.3,9.8,99.2,8.4,6,10,2024-02-04T06:58:51,2024-02-04T17:44:35,0.81,"Rain, Partially cloudy",Partly cloudy throughout the day with rain clearing later.,rain,"remote,41630099999"
Faisalabad,2024-02-05,67.7,42.9,55.1,67.7,42.9,54.6,40,62.2,0,0,0,,0,0,8.5,5.8,344.6,1019.6,5.2,10.6,181,15.6,7,10,2024-02-05T06:58:09,2024-02-05T17:45:29,0.85,Clear,Clear conditions throughout the day.,clear-day,"remote,41630099999"
Faisalabad,2024-02-06,69.9,45.6,56.3,69.9,45.4,56.1,33.8,46.9,0,0,0,,0,0,8.7,6.7,0.5,1020.9,1.4,10.8,184.4,15.9,7,10,2024-02-06T06:57:25,2024-02-06T17:46:22,0.88,Clear,Clear conditions throughout the day.,clear-day,"remote,41630099999"
Faisalabad,2024-02-07,69.9,46.5,56.8,69.9,46.5,56.7,34.6,46.8,0,0,0,,0,0,13.4,10.3,312.9,1022.3,29.3,10.8,163.3,14.1,7,10,2024-02-07T06:56:41,2024-02-07T17:47:15,0.91,Partially cloudy,Clearing in the afternoon.,partly-cloudy-day,"remote,41630099999"
Faisalabad,2024-02-08,75.3,47,59,75.3,43.8,58.5,30.3,39.8,0,0,0,,0,0,15,10.3,296.1,1020.4,0,10.8,193.1,16.6,7,10,2024-02-08T06:55:55,2024-02-08T17:48:08,0.95,Clear,Clear conditions throughout the day.,clear-day,"remote,41630099999"
Faisalabad,2024-02-09,76.2,44.7,60.4,76.2,44.7,60.4,28.3,35.9,0,0,0,,0,0,7.8,6.7,66.5,1018.4,0,10.8,194.8,16.6,7,10,2024-02-09T06:55:07,2024-02-09T17:49:00,0.98,Clear,Clear conditions throughout the day.,clear-day,"remote,41630099999"
Faisalabad,2024-02-10,76.6,48.3,60.6,76.6,47.7,60.5,29.5,37,0,0,0,,0,0,6.5,5.6,27.5,1021.7,0,10.8,196.3,16.9,7,10,2024-02-10T06:54:18,2024-02-10T17:49:53,0,Clear,Clear conditions throughout the day.,clear-day,"remote,41630099999"
Faisalabad,2024-02-11,77.3,48.3,61.3,77.3,48.3,61.3,28.6,35.2,0,0,0,,0,0,4,4.7,274.6,1021.3,5.8,10.8,198.8,17.1,7,10,2024-02-11T06:53:29,2024-02-11T17:50:44,0.05,Clear,Clear conditions throughout the day.,clear-day,"remote,41630099999"
Faisalabad,2024-02-12,75.1,48.3,60.3,75.1,48.3,60.3,27.7,36.4,0,0,0,,0,0,5.4,3.6,33.2,1020.1,80.7,10.8,151,13,7,10,2024-02-12T06:52:37,2024-02-12T17:51:36,0.08,Partially cloudy,Partly cloudy throughout the day.,partly-cloudy-day,"remote,41630099999"
Faisalabad,2024-02-13,77.3,44.7,61.9,77.3,44.7,61.9,28.9,35,0,0,0,,0,0,5.6,5.8,19.2,1019.5,15.4,10.5,200.3,17.4,7,10,2024-02-13T06:51:45,2024-02-13T17:52:27,0.11,Clear,Clear conditions throughout the day.,clear-day,"remote,41630099999"
Faisalabad,2024-02-14,79.8,46.5,62.7,79.8,46.5,62.7,27.9,33.4,0,0,0,,0,0,6.5,4.7,349.2,1019.5,3.2,10.6,201.4,17.4,7,10,2024-02-14T06:50:51,2024-02-14T17:53:18,0.15,Clear,Clear conditions throughout the day.,clear-day,"remote,41630099999"
Faisalabad,2024-02-15,81.9,46.5,63.6,79.5,46.5,63.3,24.6,30.6,0,0,0,,0,0,5.1,4.7,259.9,1019.4,0,10.7,208,17.9,8,10,2024-02-15T06:49:57,2024-02-15T17:54:09,0.18,Clear,Clear conditions throughout the day.,clear-day,"remote,41630099999"
Faisalabad,2024-02-16,82.1,48.3,64.4,79.7,48.3,64.1,25.2,30.2,0,0,0,,0,0,4.5,4.7,342.9,1019.4,1.5,10.8,208.2,17.9,8,10,2024-02-16T06:49:01,2024-02-16T17:54:59,0.25,Clear,Clear conditions throughout the day.,clear-day,"remote,41630099999"
Faisalabad,2024-02-17,83.4,50.1,66.3,80.7,50.1,65.9,28.5,31.8,0,0,0,,0,0,8.1,6.5,177.6,1014.6,42.5,10.7,200.7,17.2,7,10,2024-02-17T06:48:04,2024-02-17T17:55:48,0.25,Partially cloudy,Clearing in the afternoon.,partly-cloudy-day,"remote,41630099999"
Faisalabad,2024-02-18,80.3,56.4,65.1,78.9,56.4,65,35.9,40.6,0,0,0,,0,0,32,17.7,72.5,1010.4,90.3,10.6,126.9,10.9,6,10,2024-02-18T06:47:06,2024-02-18T17:56:38,0.29,Overcast,Cloudy skies throughout the day.,cloudy,"remote,41630099999"
Faisalabad,2024-02-19,79.4,56.7,66.8,79.4,56.7,66.8,42.4,45.5,0.039,100,4.17,rain,0,0,25.9,13.9,132.7,1005.5,35.6,10.8,202.7,17.6,7,10,2024-02-19T06:46:07,2024-02-19T17:57:27,0.32,"Rain, Partially cloudy",Partly cloudy throughout the day with morning rain.,rain,"remote,41630099999"
Faisalabad,2024-02-20,75.5,51.7,62.5,75.5,51.7,62.5,46.1,59.9,0,0,0,,0,0,13,8.5,347.1,1009.8,9.2,10.6,199.9,17.2,7,10,2024-02-20T06:45:07,2024-02-20T17:58:15,0.35,Clear,Clear conditions throughout the day.,clear-day,"remote,41630099999"
Faisalabad,2024-02-21,76.2,48.3,61.6,76.2,48.3,61.6,38.2,49.5,0,0,0,,0,0,13.2,7.8,23.8,1011.9,10.8,10.7,208.8,17.9,8,10,2024-02-21T06:44:06,2024-02-21T17:59:04,0.39,Clear,Clear conditions throughout the day.,clear-day,"remote,41630099999"
Faisalabad,2024-02-22,75.6,49.7,61.2,75.6,48.4,61.1,33.4,40,0,0,0,,0,0,20.8,7.2,25,1014.6,18,10.8,212.6,18.4,8,10,2024-02-22T06:43:04,2024-02-22T17:59:51,0.42,Clear,Clear conditions throughout the day.,clear-day,"remote,41630099999"
Faisalabad,2024-02-23,75.8,50.1,60.8,75.8,50.1,60.8,28.7,37,0.118,100,4.17,rain,0,0,10.7,16.1,20.1,1016.4,21.2,10.7,214.1,18.5,8,10,2024-02-23T06:42:02,2024-02-23T18:00:39,0.46,"Rain, Partially cloudy",Becoming cloudy in the afternoon with late afternoon rain.,rain,"remote,41630099999"
Faisalabad,2024-02-24,74.2,48.3,60.2,74.2,47.9,60.1,28.2,35.7,0,0,0,,0,0,16.1,8.5,58.1,1016.7,24.4,10.8,218.6,18.8,8,10,2024-02-24T06:40:58,2024-02-24T18:01:26,0.5,Partially cloudy,Partly cloudy throughout the day.,partly-cloudy-day,"remote,41630099999"
Faisalabad,2024-02-25,74.6,49.2,60.7,74.6,47.2,60.5,29.7,35.9,0,0,0,,0,0,14.5,8.3,65.9,1019.8,41.6,10.8,198.9,17,7,10,2024-02-25T06:39:53,2024-02-25T18:02:13,0.53,Partially cloudy,Partly cloudy throughout the day.,partly-cloudy-day,"remote,41630099999"
Faisalabad,2024-02-26,75.6,51.9,61.9,75.6,51.9,61.9,32,37.4,0,0,0,,0,0,23.3,14.1,18.9,1019.9,89,11.1,147.3,12.9,7,10,2024-02-26T06:38:48,2024-02-26T18:02:59,0.56,Partially cloudy,Partly cloudy throughout the day.,partly-cloudy-day,"remote,41630099999"
Faisalabad,2024-02-27,76.2,54.4,62.9,76.2,54.4,62.9,37.7,42.7,0,0,0,,0,0,17.4,6.7,330.7,1019.5,74,10.8,182,15.7,7,10,2024-02-27T06:37:42,2024-02-27T18:03:45,0.59,Partially cloudy,Partly cloudy throughout the day.,partly-cloudy-day,"remote,41630099999"
Faisalabad,2024-02-28,79.8,51,63.7,79.8,51,63.7,39.6,45.1,0,0,0,,0,0,10.3,9.8,294.8,1017,1,10.8,220.6,18.9,8,10,2024-02-28T06:36:35,2024-02-28T18:04:31,0.63,Clear,Clear conditions throughout the day.,clear-day,"remote,41630099999"
Faisalabad,2024-02-29,81.1,51.9,66.4,79.6,51.9,66.2,38.5,39.7,0,0,0,,0,0,11.6,6.3,10.2,1015.3,73.9,11.3,177.1,15.2,8,10,2024-02-29T06:35:28,2024-02-29T18:05:16,0.66,Partially cloudy,Partly cloudy throughout the day.,partly-cloudy-day,"remote,41630099999"
Faisalabad,2024-03-01,73.7,60.5,64.4,73.7,60.5,64.4,46.4,55.4,0.062,100,8.33,rain,0,0,28.2,16.1,53.6,1013.6,95.4,10.6,56.3,4.8,4,10,2024-03-01T06:34:19,2024-03-01T18:06:01,0.69,"Rain, Overcast",Cloudy skies throughout the day with rain.,rain,"remote,41630099999"
Faisalabad,2024-03-02,71.7,51.9,60.4,71.7,51.9,60.4,51.2,72.8,0.441,100,8.33,rain,0,0,25.5,16.1,214.7,1005.8,46.6,10.6,135.3,11.7,7,10,2024-03-02T06:33:11,2024-03-02T18:06:46,0.73,"Rain, Partially cloudy",Partly cloudy throughout the day with rain.,rain,"remote,41630099999"
Faisalabad,2024-03-03,67.2,41.1,54.2,67.2,38.4,53.6,30.9,47.4,0,0,0,,0,0,17.2,11.4,263.1,1011.9,5.4,10.8,238.9,20.6,8,10,2024-03-03T06:32:01,2024-03-03T18:07:30,0.75,Clear,Clear conditions throughout the day.,clear-day,"remote,41630099999"
Faisalabad,2024-03-04,70.2,43.8,55.7,70.2,41.7,55,27,37,0,0,0,,0,0,10.3,9.2,341.1,1018.7,21.8,10.8,238.9,20.5,8,10,2024-03-04T06:30:51,2024-03-04T18:08:14,0.8,Partially cloudy,Partly cloudy throughout the day.,partly-cloudy-day,"remote,41630099999"
Faisalabad,2024-03-05,74.4,45.9,57.8,74.4,44.2,57.4,29,38.5,0,0,0,,0,0,10.1,8.3,313.5,1018.9,64.8,10.8,231,20,8,10,2024-03-05T06:29:40,2024-03-05T18:08:57,0.83,Partially cloudy,Partly cloudy throughout the day.,partly-cloudy-day,"remote,41630099999"
Faisalabad,2024-03-06,76.9,48.3,61.4,76.9,47.5,61.2,28.9,34.5,0,0,0,,0,0,11.2,6.7,286.5,1015.6,28.8,10.8,240.5,20.6,8,10,2024-03-06T06:28:29,2024-03-06T18:09:41,0.86,Partially cloudy,Becoming cloudy in the afternoon.,partly-cloudy-day,"remote,41630099999"
Faisalabad,2024-03-07,76.9,53,63.7,76.9,53,63.7,36.4,40.6,0,0,0,,0,0,7.4,5.4,18.1,1015.8,28,10.8,238.6,20.6,8,10,2024-03-07T06:27:17,2024-03-07T18:10:24,0.9,Partially cloudy,Clearing in the afternoon.,partly-cloudy-day,"remote,41630099999"
Faisalabad,2024-03-08,79.6,52.8,64.2,79.6,52.8,64.2,36.9,40.2,0,0,0,,0,0,13,8.1,328.2,1017,13.8,11.3,243.3,20.9,8,10,2024-03-08T06:26:05,2024-03-08T18:11:06,0.93,Clear,Clear conditions throughout the day.,clear-day,"remote,41630099999"
Faisalabad,2024-03-09,84.8,53.7,67,81.7,53.7,66.5,36.7,37.8,0,0,0,,0,0,12.1,10.3,313.9,1016.5,28.4,10.8,246.6,21.3,9,10,2024-03-09T06:24:52,2024-03-09T18:11:49,0.96,Partially cloudy,Partly cloudy throughout the day.,partly-cloudy-day,"remote,41630099999"
Faisalabad,2024-03-10,84.8,53.7,69.3,81.7,53.7,68.8,36.1,34.5,0,0,0,,0,0,17.7,8.9,304.5,1015.1,91.8,10.8,182.9,15.8,7,10,2024-03-10T06:23:39,2024-03-10T18:12:31,0,Overcast,Cloudy skies throughout the day.,cloudy,"remote,41630099999"
Faisalabad,2024-03-11,84.3,58.9,69.8,81.3,58.9,69.4,39,38.5,0,0,0,,0,0,11.4,10.5,330.6,1016.7,59.1,10.8,240,20.9,8,10,2024-03-11T06:22:26,2024-03-11T18:13:13,0.03,Partially cloudy,Partly cloudy throughout the day.,partly-cloudy-day,"remote,41630099999"
Faisalabad,2024-03-12,87.3,55.5,70.5,83.7,55.5,69.8,39.4,38.1,0,0,0,,0,0,6,5.1,315.7,1015.2,19.5,10.7,249.6,21.6,9,10,2024-03-12T06:21:12,2024-03-12T18:13:55,0.06,Clear,Clear conditions throughout the day.,clear-day,"remote,41630099999"
Faisalabad,2024-03-13,75.5,60,66.7,75.5,60,66.7,46.1,51.1,0.079,100,4.17,rain,0,0,16.6,11.4,130.4,1012.1,57.2,10.7,167.3,14.4,8,10,2024-03-13T06:19:58,2024-03-13T18:14:36,0.1,"Rain, Partially cloudy",Partly cloudy throughout the day with morning rain.,rain,"remote,41630099999"
Faisalabad,2024-03-14,84.5,54.4,68.1,81.6,54.4,67.7,46.3,50.4,0,0,0,,0,0,17.4,8.1,29.8,1016.5,10.4,10.8,249.3,21.6,8,10,2024-03-14T06:18:44,2024-03-14T18:15:18,0.13,Clear,Clear conditions throughout the day.,clear-day,"remote,41630099999"
Faisalabad,2024-03-15,85.7,55.5,68.5,82.4,55.5,67.9,38.3,39.8,0,0,0,,0,0,11.2,7.8,341.4,1015.1,0.2,10.8,259.2,22.5,9,10,2024-03-15T06:17:29,2024-03-15T18:15:59,0.16,Clear,Clear conditions throughout the day.,clear-day,"remote,41630099999"
Faisalabad,2024-03-16,87.5,56.4,70.8,83.9,56.4,70.1,37.8,34.7,0,0,0,,0,0,11.9,7.2,19.9,1016,38.6,10.8,253.2,21.9,9,10,2024-03-16T06:16:14,2024-03-16T18:16:39,0.2,Partially cloudy,Partly cloudy throughout the day.,partly-cloudy-day,"remote,41630099999"
Faisalabad,2024-03-17,86.6,59.1,71.7,83.2,59.1,71.1,36.5,33.6,0,0,0,,0,0,11.6,7.6,349.2,1015.9,81.1,10.8,177.4,15.3,6,10,2024-03-17T06:14:59,2024-03-17T18:17:20,0.25,Partially cloudy,Partly cloudy throughout the day.,partly-cloudy-day,"remote,41630099999"
Faisalabad,2024-03-18,91.5,60,74.1,87.2,60,73.1,39.2,34.5,0,0,0,,0,0,10.5,10.3,313,1013.2,13.1,10.8,259.4,22.5,9,10,2024-03-18T06:13:43,2024-03-18T18:18:01,0.27,Clear,Clear conditions throughout the day.,clear-day,"remote,41630099999"
Faisalabad,2024-03-19,92.4,62.7,75.5,87.9,62.7,74.4,38.5,32.4,0,0,0,,0,0,11.2,7.8,5.2,1012.9,4.3,10.8,262.7,22.7,9,10,2024-03-19T06:12:28,2024-03-19T18:18:41,0.3,Clear,Clear conditions throughout the day.,clear-day,"remote,41630099999"
Faisalabad,2024-03-20,95.4,60.9,77.5,90.5,60.9,76.1,37.9,31.6,0,0,0,,0,0,7.6,5.6,46,1013.1,48.5,10.8,259.4,22.4,9,10,2024-03-20T06:11:12,2024-03-20T18:19:21,0.33,Partially cloudy,Partly cloudy throughout the day.,partly-cloudy-day,"remote,41630099999"
Faisalabad,2024-03-21,96.9,68.1,80.7,91.8,68.1,79.3,40.7,30.4,0,0,0,,0,0,29.3,21.5,73,1010.2,61.1,10.8,242.1,20.9,8,10,2024-03-21T06:09:57,2024-03-21T18:20:01,0.37,Partially cloudy,Partly cloudy throughout the day.,partly-cloudy-day,"remote,41630099999"
Faisalabad,2024-03-22,93.6,65.7,78.4,89.2,65.7,77.5,45.1,37.3,0,0,0,,0,0,22.8,10.1,64.9,1009.2,26.5,10.8,264.4,23,9,10,2024-03-22T06:08:41,2024-03-22T18:20:41,0.4,Partially cloudy,Partly cloudy throughout the day.,partly-cloudy-day,"remote,41630099999"
Faisalabad,2024-03-23,93.8,65.4,78.2,89.3,65.4,77.2,46.5,37.4,0,0,0,,0,0,15.7,7.6,359.4,1008.6,69.3,10.8,236.6,20.5,9,10,2024-03-23T06:07:25,2024-03-23T18:21:21,0.43,Partially cloudy,Partly cloudy throughout the day.,partly-cloudy-day,"remote,41630099999"
Faisalabad,2024-03-24,93.8,65.4,80,90.1,65.4,79,48.8,37.6,0.472,100,12.5,rain,0,0,20.6,16.1,334.2,1010.5,45.4,12.4,247.9,21.4,9,10,2024-03-24T06:06:09,2024-03-24T18:22:01,0.47,"Rain, Partially cloudy",Partly cloudy throughout the day with rain clearing later.,rain,"remote,41630099999"
Faisalabad,2024-03-25,96.7,66.3,80.5,92.2,66.3,79.1,44.3,32.1,0,0,0,,0,0,12.3,7.8,354.9,1012.2,28.1,12.9,266.9,23,9,10,2024-03-25T06:04:53,2024-03-25T18:22:41,0.5,Partially cloudy,Partly cloudy throughout the day.,partly-cloudy-day,"remote,41630099999"
Faisalabad,2024-03-26,96.2,68.1,82,91.7,68.1,80.7,45.2,32.8,0,0,0,,0,0,25.5,11.2,94.1,1010.3,92.9,11.8,185.2,16,7,10,2024-03-26T06:03:38,2024-03-26T18:23:20,0.53,Overcast,Cloudy skies throughout the day.,cloudy,"remote,41630099999"
Faisalabad,2024-03-27,95.8,73.5,81.9,91.9,73.5,81,49.4,36.1,0.004,100,4.17,rain,0,0,26.4,13.9,13.5,1013.4,97.2,12.3,190.5,16.2,8,10,2024-03-27T06:02:22,2024-03-27T18:24:00,0.57,"Rain, Overcast",Cloudy skies throughout the day with early morning rain.,rain,"remote,41630099999"
Faisalabad,2024-03-28,93.1,68.8,81.1,89.5,68.8,79.7,47.7,33,0,0,0,,0,0,29.3,12.5,338.4,1011.8,94.9,15,160.3,13.8,7,10,2024-03-28T06:01:06,2024-03-28T18:24:39,0.6,Overcast,Cloudy skies throughout the day.,cloudy,remote
Faisalabad,2024-03-29,91.5,69.2,80.1,88.1,69.2,79,50.4,36.8,0,0,0,,0,0,16.1,8.3,325.4,1009.8,71.3,15,245.4,21.4,8,10,2024-03-29T05:59:51,2024-03-29T18:25:19,0.64,Partially cloudy,Partly cloudy throughout the day.,partly-cloudy-day,remote
Faisalabad,2024-03-30,88.6,64.8,75.7,86.2,64.8,75.1,56.2,54.2,0.119,100,29.17,rain,0,0,24.6,11,11.8,1010.4,37.4,14.8,270.8,23.6,9,30,2024-03-30T05:58:36,2024-03-30T18:25:58,0.67,"Rain, Partially cloudy",Clearing in the afternoon with rain.,rain,remote
Faisalabad,2024-03-31,87.5,62.3,73.9,84.1,62.3,73,49.4,48.9,0,0,0,,0,0,20.8,10.1,13.5,1013.4,26.2,15,277.5,24,9,10,2024-03-31T05:57:20,2024-03-31T18:26:37,0.71,Partially cloudy,Partly cloudy throughout the day.,partly-cloudy-day,remote
Faisalabad,2024-04-01,90.2,65.7,76.5,86.1,65.7,75.2,38.6,28.3,0,0,0,,0,0,13.9,11.6,298.3,1009.8,71.6,14.5,259.7,22.5,9,10,2024-04-01T05:56:06,2024-04-01T18:27:17,0.74,Partially cloudy,Partly cloudy throughout the day.,partly-cloudy-day,"remote,41630099999"
Faisalabad,2024-04-02,92,63.6,78.6,87.7,63.6,77.1,36.9,26.5,0,0,0,,0,0,10.5,6.9,33.6,1007.3,31.7,13.4,285.4,24.7,9,10,2024-04-02T05:54:51,2024-04-02T18:27:56,0.75,Partially cloudy,Clearing in the afternoon.,partly-cloudy-day,"remote,41630099999"
Faisalabad,2024-04-03,94.7,68.1,80.3,90,68.1,78.9,42.8,30.4,0,0,0,,0,0,14.1,9.2,122.2,1008.2,44.8,10.8,286.7,24.8,9,10,2024-04-03T05:53:37,2024-04-03T18:28:36,0.81,Partially cloudy,Partly cloudy throughout the day.,partly-cloudy-day,"remote,41630099999"
Faisalabad,2024-04-04,96.2,68.1,80.6,91.4,68.1,79.1,42.5,29.6,0,0,0,,0,0,21.7,9.6,33.3,1009.2,68.6,10.8,267.9,23.2,9,10,2024-04-04T05:52:22,2024-04-04T18:29:15,0.85,Partially cloudy,Partly cloudy throughout the day.,partly-cloudy-day,"remote,41630099999"
Faisalabad,2024-04-05,96.2,68.1,80.9,91.1,68.1,79.2,39.2,27.2,0,0,0,,0,0,14.5,7.6,347.1,1008.8,9.5,11.1,292.3,25.1,9,10,2024-04-05T05:51:09,2024-04-05T18:29:54,0.88,Clear,Clear conditions throughout the day.,clear-day,"remote,41630099999"
Faisalabad,2024-04-06,95.3,65.4,81.3,90.4,65.4,79.5,35.8,24,0,0,0,,0,0,14.1,7.6,350.5,1008.5,0,10.8,295.8,25.5,9,10,2024-04-06T05:49:55,2024-04-06T18:30:34,0.91,Clear,Clear conditions throughout the day.,clear-day,"remote,41630099999"
Faisalabad,2024-04-07,98.7,66.3,82.9,93.3,66.3,80.9,36.1,23.3,0,0,0,,0,0,20.1,8.3,58.9,1007.4,0.3,10.8,296.6,25.7,10,10,2024-04-07T05:48:42,2024-04-07T18:31:13,0.95,Clear,Clear conditions throughout the day.,clear-day,"remote,41630099999"
Faisalabad,2024-04-08,99.8,68.1,84.4,94.1,68.1,82.2,36.9,23.7,0,0,0,,0,0,7.6,6.9,64.5,1008.6,7.1,10.8,300,25.9,10,10,2024-04-08T05:47:30,2024-04-08T18:31:53,0,Clear,Clear conditions throughout the day.,clear-day,"remote,41630099999"
Faisalabad,2024-04-09,99.8,68.1,84.8,94.1,68.1,82.6,34.6,21.9,0,0,0,,0,0,9.6,6,109.8,1009.2,72.4,10.8,267.2,23.1,9,10,2024-04-09T05:46:17,2024-04-09T18:32:33,0.02,Partially cloudy,Partly cloudy throughout the day.,partly-cloudy-day,"remote,41630099999"
Faisalabad,2024-04-10,98.7,69.9,85.2,94.1,69.9,83.1,35.8,21.3,0,0,0,,0,0,21,13.9,110.3,1009.2,62.2,10.8,245.3,21.2,9,10,2024-04-10T05:45:06,2024-04-10T18:33:12,0.05,Partially cloudy,Partly cloudy throughout the day.,partly-cloudy-day,"remote,41630099999"
Faisalabad,2024-04-11,100.1,73.5,86.4,94.9,73.5,84.2,41.5,23.3,0,0,0,,0,0,23.9,11.4,56.8,1010.8,38.3,10.8,295.3,25.6,9,10,2024-04-11T05:43:54,2024-04-11T18:33:52,0.08,Partially cloudy,Clearing in the afternoon.,partly-cloudy-day,"remote,41630099999"
Faisalabad,2024-04-12,101.4,73.5,86.6,96,73.5,84.4,43.2,24.9,0,0,0,,0,0,19.9,9.2,88.4,1009.3,54,10.8,273.8,23.5,9,10,2024-04-12T05:42:44,2024-04-12T18:34:32,0.12,Partially cloudy,Partly cloudy throughout the day.,partly-cloudy-day,"remote,41630099999"
Faisalabad,2024-04-13,83.7,68.1,74.5,81,68.1,74.3,54.9,55.4,0.079,100,12.5,rain,0,0,19.9,13.4,45.7,1011.1,89.4,9.9,74.3,6.4,3,10,2024-04-13T05:41:33,2024-04-13T18:35:12,0.15,"Rain, Partially cloudy",Partly cloudy throughout the day with rain in the morning and afternoon.,rain,"remote,41630099999"
Faisalabad,2024-04-14,83.9,66.1,72.2,83,66.1,72.2,60.6,69.5,0.275,100,12.5,rain,0,0,15.7,8.9,26.7,1013.6,92.2,9.9,171.3,14.9,6,10,2024-04-14T05:40:24,2024-04-14T18:35:52,0.18,"Rain, Overcast",Cloudy skies throughout the day with rain in the morning and afternoon.,rain,"remote,41630099999"
Faisalabad,2024-04-15,89.3,66.3,75.6,87.6,66.3,75.4,60.6,62.9,0.087,100,12.5,rain,0,0,19,14.1,341.8,1011.7,35.9,10.3,266.3,23,9,10,2024-04-15T05:39:15,2024-04-15T18:36:32,0.21,"Rain, Partially cloudy",Partly cloudy throughout the day with late afternoon rain.,rain,"remote,41630099999"
Faisalabad,2024-04-16,91.1,64.3,76.7,87.3,64.3,75.9,54.3,51.8,0,0,0,,0,0,15.4,8.7,329.9,1012.4,39.2,10.8,291,25.1,9,10,2024-04-16T05:38:06,2024-04-16T18:37:12,0.25,Partially cloudy,Becoming cloudy in the afternoon.,partly-cloudy-day,"remote,41630099999"
Faisalabad,2024-04-17,95.6,66.3,81.8,91,66.3,80.1,48.5,35.9,0,0,0,,0,0,18.6,11.4,286,1008.8,65.5,10.8,273.3,23.4,10,10,2024-04-17T05:36:58,2024-04-17T18:37:52,0.28,Partially cloudy,Partly cloudy throughout the day.,partly-cloudy-day,"remote,41630099999"
Faisalabad,2024-04-18,95.1,73.5,83.7,94,73.5,82.7,54.1,37.9,0.016,100,12.5,rain,0,0,22.8,12.8,337.8,1006.4,61.6,10.5,234,20.2,9,10,2024-04-18T05:35:51,2024-04-18T18:38:33,0.31,"Rain, Partially cloudy",Partly cloudy throughout the day with rain.,rain,"remote,41630099999"
Faisalabad,2024-04-19,89.9,68.3,76.4,88.2,68.3,76.2,58.5,56.2,0.032,100,16.67,rain,0,0,25.5,16.6,346.8,1004,44.6,10.8,263.3,22.8,9,30,2024-04-19T05:34:45,2024-04-19T18:39:13,0.35,"Rain, Partially cloudy",Partly cloudy throughout the day with rain.,rain,"remote,41630099999"
Faisalabad,2024-04-20,89.1,64.3,76.4,87.7,64.3,76,57.1,55.4,0,0,0,,0,0,19.9,10.1,323.5,1006.6,23.3,10.8,300.4,26,9,10,2024-04-20T05:33:39,2024-04-20T18:39:54,0.38,Partially cloudy,Partly cloudy throughout the day.,partly-cloudy-day,"remote,41630099999"
Faisalabad,2024-04-21,93.5,68.1,81.2,89.8,68.1,79.9,52.5,40.7,0,0,0,,0,0,15.7,7.4,318.4,1006.2,14.3,10.8,305.5,26.1,10,10,2024-04-21T05:32:34,2024-04-21T18:40:34,0.41,Clear,Clear conditions throughout the day.,clear-day,"remote,41630099999"
Faisalabad,2024-04-22,95.1,69.9,84.1,93.2,69.9,82.7,50.8,34.7,0.039,100,4.17,rain,0,0,19.2,13.6,317,1006.7,49.2,10.8,280.9,24.2,10,10,2024-04-22T05:31:30,2024-04-22T18:41:15,0.44,"Rain, Partially cloudy",Becoming cloudy in the afternoon with late afternoon rain.,rain,"remote,41630099999"
Faisalabad,2024-04-23,95.6,68.1,83.4,91.4,68.1,81.7,50.2,34.8,0,0,0,,0,0,8.1,11.4,276.8,1006.4,20.7,10.8,303.4,26.2,10,10,2024-04-23T05:30:27,2024-04-23T18:41:56,0.48,Partially cloudy,Partly cloudy throughout the day.,partly-cloudy-day,"remote,41630099999"
Faisalabad,2024-04-24,98.5,69.9,86.1,93.7,69.9,84.1,47.3,29.4,0,0,0,,0,0,13.2,7.6,50.8,1006.1,1.6,10.8,312.6,27,10,10,2024-04-24T05:29:24,2024-04-24T18:42:37,0.5,Clear,Clear conditions throughout the day.,clear-day,"remote,41630099999"
Faisalabad,2024-04-25,101.9,73.5,89.8,100.6,73.5,87.4,44.8,24.2,0,0,0,,0,0,8.9,6.9,163.4,1006,22.8,10.8,313.4,27.1,10,10,2024-04-25T05:28:23,2024-04-25T18:43:18,0.55,Partially cloudy,Partly cloudy throughout the day.,partly-cloudy-day,"remote,41630099999"
Faisalabad,2024-04-26,103.9,78,86.3,98.3,78,84.3,46.3,28.3,0.008,100,8.33,rain,0,0,36.9,19.9,356.3,1004,67.9,10.6,268.9,23.2,10,10,2024-04-26T05:27:22,2024-04-26T18:43:59,0.58,"Rain, Partially cloudy",Partly cloudy throughout the day with rain.,rain,"remote,41630099999"
Faisalabad,2024-04-27,90.6,69,81,87.8,69,80.1,54.4,41.8,0.039,100,4.17,rain,0,0,21,11,2.5,1006.4,53.1,10.8,259.4,22.3,9,10,2024-04-27T05:26:22,2024-04-27T18:44:40,0.62,"Rain, Partially cloudy",Partly cloudy throughout the day with early morning rain.,rain,"remote,41630099999"
Faisalabad,2024-04-28,96.5,69.9,82.9,92.2,69.9,81.6,53.5,40.1,0.039,100,4.17,rain,0,0,22.4,12.8,19.4,1006.8,57,10.8,282,24.2,9,10,2024-04-28T05:25:23,2024-04-28T18:45:21,0.65,"Rain, Partially cloudy",Partly cloudy throughout the day with early morning rain.,rain,"remote,41630099999"
Faisalabad,2024-04-29,90.6,66.3,77.7,86.6,66.3,76.7,50.8,43,0.078,100,8.33,rain,0,0,27.7,17.7,357.9,1007.1,38.6,10.8,307.3,26.5,10,10,2024-04-29T05:24:25,2024-04-29T18:46:03,0.69,"Rain, Partially cloudy",Partly cloudy throughout the day with rain.,rain,"remote,41630099999"
Faisalabad,2024-04-30,91.1,60.9,73.7,86.9,60.9,73.1,47.8,44.5,0.039,100,4.17,rain,0,0,28.9,26.6,6.4,1008,27.2,10.8,290,25,10,10,2024-04-30T05:23:28,2024-04-30T18:46:44,0.72,"Rain, Partially cloudy",Becoming cloudy in the afternoon with afternoon rain.,rain,"remote,41630099999"
Faisalabad,2024-05-01,89.1,60.9,77.4,85.2,60.9,76,38.4,28.1,0,0,0,,0,0,17.9,12.5,333.1,1004.9,0,14.5,325,28.2,10,10,2024-05-01T05:22:32,2024-05-01T18:47:25,0.75,Clear,Clear conditions throughout the day.,clear-day,"remote,41630099999"
Faisalabad,2024-05-02,97.4,61.8,83.7,92.3,61.8,81.4,37.4,22.4,0,0,0,,0,0,11.6,7.4,308.4,1005.3,22.3,11.4,325.8,28,10,10,2024-05-02T05:21:37,2024-05-02T18:48:07,0.79,Partially cloudy,Partly cloudy throughout the day.,partly-cloudy-day,"remote,41630099999"
Faisalabad,2024-05-03,100.7,69.9,87.2,95,69.9,84.6,39.8,22.5,0,0,0,,0,0,18.8,10.3,60.9,1004.8,85.8,10.8,239.8,20.9,8,10,2024-05-03T05:20:44,2024-05-03T18:48:48,0.83,Partially cloudy,Partly cloudy throughout the day.,partly-cloudy-day,"remote,41630099999"
Faisalabad,2024-05-04,100.3,77.1,88.7,96.9,77.1,86.6,49.8,28.5,0,0,0,,0,0,26.2,11.6,357.8,1006.3,46.4,11.2,305.1,26.3,10,10,2024-05-04T05:19:51,2024-05-04T18:49:30,0.86,Partially cloudy,Partly cloudy throughout the day.,partly-cloudy-day,"remote,41630099999"
Faisalabad,2024-05-05,102.3,74.4,89.4,101,74.4,87.9,52.6,31.1,0,0,0,,0,0,23.5,10.5,332.8,1003,3,10.8,318.9,27.7,10,10,2024-05-05T05:18:59,2024-05-05T18:50:11,0.9,Clear,Clear conditions throughout the day.,clear-day,"remote,41630099999"
Faisalabad,2024-05-06,106.1,75.3,93.2,104.8,75.3,91,51.1,27.4,0,0,0,,0,0,17.9,8.9,0.4,1002.7,0.9,10.8,322.8,27.9,10,10,2024-05-06T05:18:09,2024-05-06T18:50:53,0.93,Clear,Clear conditions throughout the day.,clear-day,"remote,41630099999"
Faisalabad,2024-05-07,108.8,76.2,95.9,104.1,76.2,92.6,45.3,21.3,0,0,0,,0,0,20.6,9.4,348.1,1003.9,3.3,11.4,327.5,28.2,10,10,2024-05-07T05:17:19,2024-05-07T18:51:34,0.97,Clear,Clear conditions throughout the day.,clear-day,"remote,41630099999"
Faisalabad,2024-05-08,110.4,78.9,97.2,110.6,78.9,94.6,41.6,18.5,0,0,0,,0,0,11.4,8.9,8.1,1003.5,6.1,11.9,330.9,28.8,10,10,2024-05-08T05:16:31,2024-05-08T18:52:15,0,Clear,Clear conditions throughout the day.,clear-day,"remote,41630099999"
Faisalabad,2024-05-09,112,82.5,97.6,114.5,83.5,97.3,47.7,23.4,0,0,0,,0,0,26.2,11.4,107.5,1002.2,21.1,10.8,326.3,28.1,10,10,2024-05-09T05:15:44,2024-05-09T18:52:57,0.04,Partially cloudy,Partly cloudy throughout the day.,partly-cloudy-day,"remote,41630099999"
Faisalabad,2024-05-10,112,71.7,94.7,117.3,71.7,95.9,57.9,35.4,0.276,100,4.17,rain,0,0,38.3,20.8,66.5,1003.6,47.9,10.7,306.9,26.5,10,10,2024-05-10T05:14:58,2024-05-10T18:53:38,0.07,"Rain, Partially cloudy",Partly cloudy throughout the day with late afternoon rain.,rain,"remote,41630099999"
Faisalabad,2024-05-11,105.9,71.7,89.3,102.6,71.7,88.7,58.2,40.2,0.04,100,12.5,rain,0,0,23.5,13.6,261,1007.2,46.3,10.6,322.5,28,10,10,2024-05-11T05:14:14,2024-05-11T18:54:19,0.1,"Rain, Partially cloudy",Partly cloudy throughout the day with rain.,rain,"remote,41630099999"
Faisalabad,2024-05-12,101.9,78.9,89.6,100.2,78.9,89.2,57.8,37.5,0.012,100,8.33,rain,0,0,23.5,13.9,64.1,1007.5,25,10.8,313,27.1,10,30,2024-05-12T05:13:30,2024-05-12T18:55:00,0.13,"Rain, Partially cloudy",Clearing in the afternoon with early morning rain.,rain,"remote,41630099999"
Faisalabad,2024-05-13,102.1,75.3,90.5,101.2,75.3,88.9,51.6,30.6,0,0,0,,0,0,20.8,9.8,19.7,1008.9,0,10.8,334.2,29,10,10,2024-05-13T05:12:48,2024-05-13T18:55:41,0.17,Clear,Clear conditions throughout the day.,clear-day,"remote,41630099999"
Faisalabad,2024-05-14,106.4,75.3,93.5,107.1,75.3,91.7,49,26.9,0,0,0,,0,0,10.7,8.7,346.1,1008.1,0,10.8,333.8,28.9,10,10,2024-05-14T05:12:07,2024-05-14T18:56:21,0.2,Clear,Clear conditions throughout the day.,clear-day,"remote,41630099999"
Faisalabad,2024-05-15,109.8,79.8,97.1,108,79.8,94.9,46.9,22.6,0,0,0,,0,0,20.8,8.7,135,1006.4,0.9,10.8,332.9,28.8,10,10,2024-05-15T05:11:28,2024-05-15T18:57:02,0.25,Clear,Clear conditions throughout the day.,clear-day,"remote,41630099999"
Faisalabad,2024-05-16,111.8,84.3,100.1,112.4,85.4,98.5,46.2,19.5,0,0,0,,0,0,18.8,9.2,100,1005.7,27.9,10.8,316.9,27.2,10,10,2024-05-16T05:10:50,2024-05-16T18:57:42,0.26,Partially cloudy,Becoming cloudy in the afternoon.,partly-cloudy-day,"remote,41630099999"
Faisalabad,2024-05-17,114,84.3,101.1,114,84.7,99.1,46.2,18.3,0,0,0,,0,0,11.2,11.6,301.9,1002.9,8.9,10.8,332,28.7,10,10,2024-05-17T05:10:13,2024-05-17T18:58:22,0.3,Clear,Clear conditions throughout the day.,clear-day,"remote,41630099999"
Faisalabad,2024-05-18,111.8,84.3,100.3,112.7,85.9,99.4,52.5,22.6,0,0,0,,0,0,25.9,9.4,326.3,1001.4,25.2,10.8,326.5,28.3,10,10,2024-05-18T05:09:38,2024-05-18T18:59:02,0.33,Partially cloudy,Clearing in the afternoon.,partly-cloudy-day,"remote,41630099999"
Faisalabad,2024-05-19,110.6,80.7,99,114.2,83.5,98.4,53.3,25.1,0,0,0,,0,0,15.2,15.7,279.2,999.4,29.6,10.8,322.5,28.1,9,10,2024-05-19T05:09:04,2024-05-19T18:59:41,0.36,Partially cloudy,Becoming cloudy in the afternoon.,partly-cloudy-day,"remote,41630099999"
Faisalabad,2024-05-20,113.6,82.5,101,114.2,85.9,100,49.7,22.1,0,0,0,,0,0,9.6,6.9,316.1,999.4,7.7,10.8,334,28.9,10,10,2024-05-20T05:08:31,2024-05-20T19:00:20,0.39,Clear,Clear conditions throughout the day.,clear-day,"remote,41630099999"
Faisalabad,2024-05-21,112.2,84.3,100.4,112.2,85.5,99,48.6,20.7,0,0,0,,0,0,18.3,9.8,334,1000.5,0,10.8,335.4,28.9,10,10,2024-05-21T05:08:00,2024-05-21T19:00:59,0.43,Clear,Clear conditions throughout the day.,clear-day,"remote,41630099999"
Faisalabad,2024-05-22,113.1,82.5,101.7,113.1,84.8,100.3,46.3,19.2,0,0,0,,0,0,9.6,8.1,342.8,1000,0,10.8,342.8,29.6,10,10,2024-05-22T05:07:30,2024-05-22T19:01:38,0.46,Clear,Clear conditions throughout the day.,clear-day,"remote,41630099999"
Faisalabad,2024-05-23,114,82.5,102.4,114,84.6,100.9,46.1,18.5,0,0,0,,0,0,8.3,6.9,138.5,999,1.3,10.8,340.3,29.5,10,10,2024-05-23T05:07:01,2024-05-23T19:02:16,0.5,Clear,Clear conditions throughout the day.,clear-day,"remote,41630099999"
Faisalabad,2024-05-24,114.7,87,102.4,114.7,89.2,101.7,51.6,21.7,0,0,0,,0,0,11.4,18.3,141.3,999,9.2,10.8,335.2,28.8,10,10,2024-05-24T05:06:34,2024-05-24T19:02:53,0.53,Clear,Clear conditions throughout the day.,clear-day,"remote,41630099999"
Faisalabad,2024-05-25,115.1,81.6,101,115.1,85.1,100.9,51.2,23.6,0.039,100,4.17,rain,0,0,14.3,13.4,335.7,998.9,9.5,10.8,337,29,10,10,2024-05-25T05:06:09,2024-05-25T19:03:30,0.56,Rain,Clear conditions throughout the day with early morning rain.,rain,"remote,41630099999"
Faisalabad,2024-05-26,115.6,85.2,103,118.5,90.1,103.1,50.2,21.8,0,0,0,,0,0,23.3,10.1,51.4,996.3,0,10.8,339.7,29.4,10,10,2024-05-26T05:05:45,2024-05-26T19:04:07,0.6,Clear,Clear conditions throughout the day.,clear-day,"remote,41630099999"
Faisalabad,2024-05-27,116.3,82.5,103.7,116.3,86.7,101.9,39,15.5,0,0,0,,0,0,11.6,6.7,48.1,994,1.3,10.8,348.5,30.1,10,10,2024-05-27T05:05:22,2024-05-27T19:04:43,0.63,Clear,Clear conditions throughout the day.,clear-day,"remote,41630099999"
Faisalabad,2024-05-28,117.2,84.3,103.5,117.2,85.2,101.3,36.1,13.6,0,0,0,,0,0,19.9,10.3,55,991.6,0,10.8,348.9,30.2,10,10,2024-05-28T05:05:01,2024-05-28T19:05:19,0.67,Clear,Clear conditions throughout the day.,clear-day,"remote,41630099999"
Faisalabad,2024-05-29,115.1,87,101.1,115.1,85.5,98.9,37.3,15.1,0,0,0,,0,0,25.1,12.1,9.6,992.9,0,10.8,350.4,30.2,10,10,2024-05-29T05:04:41,2024-05-29T19:05:54,0.7,Clear,Clear conditions throughout the day.,clear-day,"remote,41630099999"
Faisalabad,2024-05-30,114.3,77.1,101,114.3,77.1,98.5,36.9,15.3,0,0,0,,0,0,14.1,10.1,354.8,996.3,0,10.8,351.2,30.4,10,10,2024-05-30T05:04:23,2024-05-30T19:06:28,0.75,Clear,Clear conditions throughout the day.,clear-day,"remote,41630099999"
Faisalabad,2024-05-31,115.4,82.5,101.8,115.4,83.4,99.6,37.3,15.4,0,0,0,,0,0,16.1,12.1,148.2,997.5,0.4,10.8,349.4,30.2,10,10,2024-05-31T05:04:06,2024-05-31T19:07:02,0.78,Clear,Clear conditions throughout the day.,clear-day,"41636099999,remote,41630099999"
Faisalabad,2024-06-01,114.2,84.3,101,114.2,85.9,98.9,42.5,17.3,0,0,0,,0,0,21.3,16.6,180.8,998.9,14.9,10.8,337.1,28.9,10,10,2024-06-01T05:03:50,2024-06-01T19:07:35,0.81,Clear,Clear conditions throughout the day.,clear-day,"remote,41630099999"
Faisalabad,2024-06-02,114.5,82.5,101.5,114.5,83.4,100.2,49.1,20.6,0,0,0,,0,0,17.2,9.2,197.8,1000.3,12.6,10.8,342,29.6,10,10,2024-06-02T05:03:37,2024-06-02T19:08:07,0.85,Clear,Clear conditions throughout the day.,clear-day,"remote,41630099999"
Faisalabad,2024-06-03,116.5,84.3,102.6,117.2,86.6,102.7,51.2,21.7,0,0,0,,0,0,23.3,18.3,202.3,998.7,11.7,10.8,339.2,29.2,10,10,2024-06-03T05:03:24,2024-06-03T19:08:39,0.88,Clear,Clear conditions throughout the day.,clear-day,"remote,41630099999"
Faisalabad,2024-06-04,116,82.5,102.5,116,83.4,102,51.1,20.8,0,0,0,,0,0,27.3,12.3,196.5,997.7,21.4,11.4,342,29.7,10,10,2024-06-04T05:03:13,2024-06-04T19:09:10,0.92,Partially cloudy,Partly cloudy throughout the day.,partly-cloudy-day,"remote,41630099999"
Faisalabad,2024-06-05,113.5,80.7,98.3,113.5,82.2,98.7,57,28.7,0.039,100,4.17,rain,0,0,37.4,34.4,234.1,999.1,43.1,10.8,329.4,28.5,10,30,2024-06-05T05:03:04,2024-06-05T19:09:40,0.96,"Rain, Partially cloudy",Partly cloudy throughout the day with late afternoon rain.,rain,"remote,41630099999"
Faisalabad,2024-06-06,104.1,78,92.3,103.1,78,92.4,59.2,36.1,0.004,100,4.17,rain,0,0,29.3,15.4,112.1,1004.6,18.2,10.8,334.9,28.8,10,10,2024-06-06T05:02:56,2024-06-06T19:10:09,0,Rain,Clear conditions throughout the day with morning rain.,rain,"remote,41630099999"
Faisalabad,2024-06-07,107.7,82.5,94.5,105.1,85.2,94.1,57.8,31.7,0.032,100,8.33,rain,0,0,30.2,16.6,323.4,1002.3,38,10.8,329,28.4,10,30,2024-06-07T05:02:49,2024-06-07T19:10:37,0.02,"Rain, Partially cloudy",Partly cloudy throughout the day with late afternoon rain.,rain,"remote,41630099999"
Faisalabad,2024-06-08,105.2,80.7,93.1,101.9,82.6,92.3,56.6,31.9,0,0,0,,0,0,15.9,7.4,251.3,1001.5,52.4,10.8,324.8,28,9,10,2024-06-08T05:02:44,2024-06-08T19:11:04,0.06,Partially cloudy,Partly cloudy throughout the day.,partly-cloudy-day,"remote,41630099999"
Faisalabad,2024-06-09,108.8,79.8,97.1,109.3,79.8,95.2,53.2,26.3,0,0,0,,0,0,18.6,11.4,275.8,1000.9,13.8,10.8,342,29.6,10,10,2024-06-09T05:02:41,2024-06-09T19:11:31,0.09,Clear,Clear conditions throughout the day.,clear-day,"remote,41630099999"
Faisalabad,2024-06-10,111.3,83.4,98.7,111.3,85.3,96.8,49.6,22.5,0,0,0,,0,0,16.3,8.9,283,1000.3,9.4,10.8,343.2,29.8,10,10,2024-06-10T05:02:39,2024-06-10T19:11:56,0.12,Clear,Clear conditions throughout the day.,clear-day,"remote,41630099999"
Faisalabad,2024-06-11,113.1,83.4,101.4,113.1,85.9,100.1,48.2,20.4,0,0,0,,0,0,9.4,7.8,261.6,999.1,0.8,10.8,344.4,29.8,10,10,2024-06-11T05:02:38,2024-06-11T19:12:21,0.15,Clear,Clear conditions throughout the day.,clear-day,"remote,41630099999"
Faisalabad,2024-06-12,115.6,84.3,103.7,115.6,87.4,102.5,45.1,18.1,0,0,0,,0,0,11.4,6.9,190.3,998.2,0,10.8,347.5,29.9,10,10,2024-06-12T05:02:39,2024-06-12T19:12:44,0.19,Clear,Clear conditions throughout the day.,clear-day,"remote,41630099999"
Faisalabad,2024-06-13,117.2,86.1,104.1,117.2,89.9,103.2,50.3,19.7,0,0,0,,0,0,31.3,20.8,227.9,996.8,19.9,10.8,340.6,29.5,10,10,2024-06-13T05:02:41,2024-06-13T19:13:06,0.22,Clear,Clear conditions throughout the day.,clear-day,"remote,41630099999"
Faisalabad,2024-06-14,115.1,86.1,103.3,117.2,87.2,104,56,23.4,0,0,0,,0,0,31.5,13.6,208.8,996.5,6.8,10.8,330.1,28.3,10,30,2024-06-14T05:02:44,2024-06-14T19:13:27,0.25,Clear,Clear conditions throughout the day.,clear-day,"remote,41630099999"
Faisalabad,2024-06-15,115.2,84.3,102.8,118.2,85.9,104.8,59.7,27.1,0,0,0,,0,0,28.9,12.5,219.4,997.1,2.7,10.8,336.3,29,10,10,2024-06-15T05:02:49,2024-06-15T19:13:48,0.28,Clear,Clear conditions throughout the day.,clear-day,"remote,41630099999"
Faisalabad,2024-06-16,116,87,104.2,117.2,92.7,106.3,59.6,26.5,0,0,0,,0,0,18.1,11.6,223.3,997.2,4.8,10.8,337.8,29.1,10,10,2024-06-16T05:02:55,2024-06-16T19:14:06,0.31,Clear,Clear conditions throughout the day.,clear-day,"remote,41630099999"
Faisalabad,2024-06-17,117.2,87,105.1,117.2,95.4,107.4,60.4,26.8,0,0,0,,0,0,25.3,11.4,216.3,996.8,3,10.8,336.8,29,10,10,2024-06-17T05:03:02,2024-06-17T19:14:24,0.35,Clear,Clear conditions throughout the day.,clear-day,"remote,41630099999"
Faisalabad,2024-06-18,116.9,85.2,104.5,119.7,92.4,108.2,62.7,29,0,0,0,,0,0,27.3,13.9,181.4,994.5,7.7,10.8,333.9,28.9,10,10,2024-06-18T05:03:11,2024-06-18T19:14:41,0.38,Clear,Clear conditions throughout the day.,clear-day,"remote,41630099999"
Faisalabad,2024-06-19,115.1,90.6,103.8,120.2,95.5,107.5,60.3,28.2,0,0,0,,0,0,20.6,8.7,199.6,991.9,22,10.8,337.9,29.3,10,10,2024-06-19T05:03:21,2024-06-19T19:14:56,0.41,Partially cloudy,Partly cloudy throughout the day.,partly-cloudy-day,"remote,41630099999"
Faisalabad,2024-06-20,110.7,73.5,93,110.7,73.5,94.8,63.3,41.2,0.787,100,4.17,rain,0,0,32.7,23.9,112.5,995,53.4,10,191.5,16.3,10,30,2024-06-20T05:03:33,2024-06-20T19:15:10,0.44,"Rain, Partially cloudy",Partly cloudy throughout the day with late afternoon rain.,rain,"remote,41630099999"
Faisalabad,2024-06-21,101.6,77.1,91,102,77.1,93.4,65.6,46.7,0.008,100,4.17,rain,0,0,11.2,7.2,134.6,999,70.6,10.7,308.1,26.7,9,10,2024-06-21T05:03:45,2024-06-21T19:15:23,0.48,"Rain, Partially cloudy",Partly cloudy throughout the day with afternoon rain.,rain,"remote,41630099999"
Faisalabad,2024-06-22,107.1,80.7,95.9,110.1,85.2,98.8,64.1,38.6,0,0,0,,0,0,9.8,6.5,268.1,998.5,29.8,10.8,332.6,28.6,10,10,2024-06-22T05:03:59,2024-06-22T19:15:34,0.5,Partially cloudy,Partly cloudy throughout the day.,partly-cloudy-day,"remote,41630099999"
Faisalabad,2024-06-23,109.7,85.2,99.4,110.1,92.8,102.1,62.4,32.7,0.012,100,12.5,rain,0,0,26.4,15.2,289.8,998.5,22.5,10.8,318.9,27.6,10,10,2024-06-23T05:04:14,2024-06-23T19:15:45,0.54,"Rain, Partially cloudy",Clearing in the afternoon with rain.,rain,"remote,41630099999"
Faisalabad,2024-06-24,111.3,86.1,101.5,114.8,92.1,102.8,58.6,27.2,0,0,0,,0,0,10.3,6.3,322.6,996.7,8.8,10.8,336.5,29.1,10,10,2024-06-24T05:04:30,2024-06-24T19:15:53,0.58,Clear,Clear conditions throughout the day.,clear-day,"remote,41630099999"
Faisalabad,2024-06-25,112,86.1,103,117.2,93.3,104.8,57.6,25.7,0,0,0,,0,0,7.2,8.3,105.3,995.1,3.8,10.8,337.9,29.2,10,10,2024-06-25T05:04:48,2024-06-25T19:16:01,0.62,Clear,Clear conditions throughout the day.,clear-day,"remote,41630099999"
Faisalabad,2024-06-26,114.7,87.9,104.7,117.2,94.9,106.6,57.8,24.7,0,0,0,,0,0,12.3,6.9,185.3,994.8,9.7,10.8,336.1,29,10,10,2024-06-26T05:05:06,2024-06-26T19:16:07,0.65,Clear,Clear conditions throughout the day.,clear-day,"remote,41630099999"
Faisalabad,2024-06-27,112.9,86.1,99.2,117.6,94.5,108,71.1,42.8,0.016,100,8.33,rain,0,0,28,20.8,138.4,997.8,30.3,10.8,300.2,26,9,30,2024-06-27T05:05:26,2024-06-27T19:16:11,0.69,"Rain, Partially cloudy",Partly cloudy throughout the day with late afternoon rain.,rain,"remote,41630099999"
Faisalabad,2024-06-28,108.8,84.3,98.3,115.9,91.3,107.2,71.3,44,0,0,0,,0,0,16.3,10.5,145.9,997.5,29.7,10.8,323.6,28.1,9,10,2024-06-28T05:05:46,2024-06-28T19:16:15,0.72,Partially cloudy,Partly cloudy throughout the day.,partly-cloudy-day,"remote,41630099999"
Faisalabad,2024-06-29,111.3,88.8,100.7,118.6,103.6,109.6,70.6,40.7,0,0,0,,0,0,15.4,11.9,123,995.5,23.6,10.8,325.4,28.2,10,10,2024-06-29T05:06:08,2024-06-29T19:16:16,0.75,Partially cloudy,Partly cloudy throughout the day.,partly-cloudy-day,"remote,41630099999"
Faisalabad,2024-06-30,114.9,87.9,101.6,127.7,102.8,111,71.6,40.9,0.024,100,20.83,rain,0,0,17.7,18.3,144.5,994.3,21.8,11.1,319.4,27.7,9,30,2024-06-30T05:06:30,2024-06-30T19:16:17,0.8,"Rain, Partially cloudy",Partly cloudy throughout the day with rain.,rain,"remote,41630099999"
Faisalabad,2024-07-01,112.7,89.7,101.7,126.8,105.4,112.1,73,42.6,0.016,100,12.5,rain,0,0,23.5,16.1,155.1,991.8,26.8,10.8,304.8,26.4,9,30,2024-07-01T05:06:54,2024-07-01T19:16:16,0.83,"Rain, Partially cloudy",Partly cloudy throughout the day with rain.,rain,"remote,41630099999"
Faisalabad,2024-07-02,112.6,88.8,99.9,131.1,96.7,112.1,74.1,45.7,0.036,100,12.5,rain,0,0,32,19.9,176,990.5,69.1,10.2,308.8,26.7,9,60,2024-07-02T05:07:19,2024-07-02T19:16:13,0.87,"Rain, Partially cloudy",Partly cloudy throughout the day with rain.,rain,"remote,41630099999"
Faisalabad,2024-07-03,113.5,89.7,103.1,134.9,103.2,115,73.2,41.2,0,0,0,,0,0,27.5,13,142.6,991.5,28.6,10.8,325.5,28.2,10,30,2024-07-03T05:07:44,2024-07-03T19:16:09,0.9,Partially cloudy,Partly cloudy throughout the day.,partly-cloudy-day,"remote,41630099999"
Faisalabad,2024-07-04,109.8,87.9,99,125.5,102.9,113.5,75.5,49.2,0,0,0,,0,0,28,18.3,121.7,995.5,22.7,10.8,320.8,27.5,9,30,2024-07-04T05:08:10,2024-07-04T19:16:03,0.94,Partially cloudy,Partly cloudy throughout the day.,partly-cloudy-day,"remote,41630099999"
Faisalabad,2024-07-05,108.2,75.3,94.7,120.6,75.3,107.4,75.5,56.7,0.984,100,4.17,rain,0,0,23.7,16.3,132.9,993.5,41,9.8,274.6,23.9,9,60,2024-07-05T05:08:38,2024-07-05T19:15:56,0.98,"Rain, Partially cloudy",Partly cloudy throughout the day with morning rain.,rain,"remote,41630099999"
Faisalabad,2024-07-06,103.9,73.5,88.8,113.9,73.5,96.2,73.7,64.7,1.338,100,20.83,rain,0,0,23.7,18.3,115,993,71.4,10.2,277.3,23.9,9,30,2024-07-06T05:09:06,2024-07-06T19:15:48,0,"Rain, Partially cloudy",Partly cloudy throughout the day with a chance of rain throughout the day.,rain,"remote,41630099999"
Faisalabad,2024-07-07,97.6,78.9,89.5,109.5,78.9,97.6,73.1,60.5,0.008,100,4.17,rain,0,0,11.6,9.2,75.2,997,59,10.8,222.1,19.1,8,30,2024-07-07T05:09:34,2024-07-07T19:15:38,0.04,"Rain, Partially cloudy",Partly cloudy throughout the day with early morning rain.,rain,"remote,41630099999"
Faisalabad,2024-07-08,107,84.3,95.2,116.5,97.9,106.5,73.9,53.5,0,0,0,,0,0,17,10.3,117,999.5,16.7,10.8,322.9,27.8,9,30,2024-07-08T05:10:04,2024-07-08T19:15:26,0.08,Clear,Clear conditions throughout the day.,clear-day,"remote,41630099999"
Faisalabad,2024-07-09,108.8,85.2,97.2,120.7,100.6,108.8,73.4,50,0,0,0,,0,0,17.9,10.1,173.4,1000.3,17.6,10.8,316.2,27.2,9,30,2024-07-09T05:10:34,2024-07-09T19:15:13,0.11,Clear,Clear conditions throughout the day.,clear-day,"remote,41630099999"
Faisalabad,2024-07-10,111.6,85.2,99,122,98.1,108,71,45,0.748,100,4.17,rain,0,0,19.7,30,136.8,999.9,17,10.7,309.2,26.5,9,10,2024-07-10T05:11:05,2024-07-10T19:14:58,0.14,Rain,Clear conditions throughout the day with afternoon rain.,rain,"remote,41630099999"
Faisalabad,2024-07-11,114,84.3,100.8,125,98.1,109.6,70,41.9,0.012,100,4.17,rain,0,0,16.6,8.7,162.3,995.7,19.8,10.8,321.9,27.8,9,10,2024-07-11T05:11:37,2024-07-11T19:14:42,0.17,Rain,Clear conditions throughout the day with early morning rain.,rain,"remote,41630099999"
Faisalabad,2024-07-12,111.5,73.5,95.1,117.4,73.5,101.4,69.7,48.7,1.575,100,8.33,rain,0,0,34.4,26.2,138.4,993.1,42.2,11.3,319.1,27.4,9,30,2024-07-12T05:12:09,2024-07-12T19:14:24,0.2,"Rain, Partially cloudy",Partly cloudy throughout the day with afternoon rain.,rain,"remote,41630099999"
Faisalabad,2024-07-13,100.5,76.2,90.8,106.5,76.2,96,69.4,51.7,1.575,100,4.17,rain,0,0,18.6,10.7,123.6,996.2,21.3,11.5,321.6,27.7,9,30,2024-07-13T05:12:42,2024-07-13T19:14:05,0.24,"Rain, Partially cloudy",Partly cloudy throughout the day with early morning rain.,rain,"remote,41630099999"
Faisalabad,2024-07-14,104.5,84.3,96.1,114.4,96.6,106.4,72.7,49.4,0.032,100,20.83,rain,0,0,10.5,6.9,168.5,995.7,33.5,11.8,316.6,27.3,9,60,2024-07-14T05:13:15,2024-07-14T19:13:44,0.25,"Rain, Partially cloudy",Partly cloudy throughout the day with rain clearing later.,rain,"remote,41630099999"
Faisalabad,2024-07-15,108.8,87.9,99.1,116.9,98.1,107.4,69.4,41.3,0,0,0,,0,0,13.6,8.1,110,998.2,10,11.4,323.4,27.9,10,10,2024-07-15T05:13:49,2024-07-15T19:13:22,0.3,Clear,Clear conditions throughout the day.,clear-day,"remote,41630099999"
Faisalabad,2024-07-16,111.3,87,100.6,121.3,98.4,108.2,67.7,38.6,0,0,0,,0,0,12.5,6.9,103.2,998.6,9.2,10.7,324.7,28.1,10,10,2024-07-16T05:14:23,2024-07-16T19:12:59,0.33,Clear,Clear conditions throughout the day.,clear-day,"remote,41630099999"
Faisalabad,2024-07-17,110.9,87.9,100.5,122,103.3,110.7,71.3,42.5,0,0,0,,0,0,17.7,9.4,165.8,998,6.6,10.8,320.2,27.6,9,10,2024-07-17T05:14:58,2024-07-17T19:12:33,0.37,Clear,Clear conditions throughout the day.,clear-day,"remote,41630099999"
Faisalabad,2024-07-18,111.1,88.8,99.2,117.5,99.8,108.1,71.1,43.6,0.004,100,4.17,rain,0,0,18.6,20.8,130.1,996.5,34.1,10.8,284.7,24.6,9,10,2024-07-18T05:15:33,2024-07-18T19:12:07,0.4,"Rain, Partially cloudy",Partly cloudy throughout the day with afternoon rain.,rain,"remote,41630099999"
Faisalabad,2024-07-19,114,85.2,97.9,123.6,96.6,106.8,71.9,47.7,0.028,100,16.67,rain,0,0,18.1,18.3,134,995.3,38,10.7,305.4,26.5,9,10,2024-07-19T05:16:09,2024-07-19T19:11:39,0.43,"Rain, Partially cloudy",Becoming cloudy in the afternoon with rain.,rain,"remote,41630099999"
Faisalabad,2024-07-20,112.7,85.2,101.2,137.9,98.1,113.3,72.5,43.5,0,0,0,,0,0,19.7,13.6,198.8,996.2,66.9,11.9,307.6,26.8,9,10,2024-07-20T05:16:44,2024-07-20T19:11:09,0.46,Partially cloudy,Partly cloudy throughout the day.,partly-cloudy-day,"remote,41630099999"
Faisalabad,2024-07-21,113.8,89.7,101.5,140.5,101.4,114,72.7,44.3,0.02,100,8.33,rain,0,0,14.5,9.2,195.9,995.8,40.3,10.8,313.9,27.2,9,10,2024-07-21T05:17:21,2024-07-21T19:10:38,0.5,"Rain, Partially cloudy",Partly cloudy throughout the day with early morning rain.,rain,"remote,41630099999"
Faisalabad,2024-07-22,114.3,89.7,102.8,136.7,104.2,116.2,73.2,43.6,0.004,100,4.17,rain,0,0,20.8,11.9,132.3,995.2,26.9,10.8,309.6,26.8,9,30,2024-07-22T05:17:57,2024-07-22T19:10:06,0.53,"Rain, Partially cloudy",Partly cloudy throughout the day with early morning rain.,rain,"remote,41630099999"
Faisalabad,2024-07-23,114.3,84.3,98.4,121.3,92.7,108.9,73.7,48.5,0.04,100,8.33,rain,0,0,20.8,23,135.4,994.6,51.1,10.5,279,24,9,30,2024-07-23T05:18:34,2024-07-23T19:09:32,0.57,"Rain, Partially cloudy",Partly cloudy throughout the day with late afternoon rain.,rain,"remote,41630099999"
Faisalabad,2024-07-24,107.7,80.7,95.1,121.3,88.8,107.9,75.4,55.9,0.158,100,8.33,rain,0,0,19.7,14.8,125.9,992.5,73.6,10.6,306,26.6,9,30,2024-07-24T05:19:11,2024-07-24T19:08:56,0.6,"Rain, Partially cloudy",Partly cloudy throughout the day with early morning rain.,rain,"remote,41630099999"
Faisalabad,2024-07-25,107.5,86.1,97.1,137.7,99.4,113.7,76.4,54.8,0.008,100,4.17,rain,0,0,21,12.5,181.5,991.2,49.5,10.8,310,27,9,30,2024-07-25T05:19:49,2024-07-25T19:08:20,0.64,"Rain, Partially cloudy",Partly cloudy throughout the day with early morning rain.,rain,"remote,41630099999"
Faisalabad,2024-07-26,112.4,85.2,99.3,137.9,99.4,112.5,74.3,48.6,0.008,100,8.33,rain,0,0,19.2,11,152.5,992.1,42.7,10.8,308.6,26.8,9,10,2024-07-26T05:20:26,2024-07-26T19:07:41,0.67,"Rain, Partially cloudy",Clearing in the afternoon with rain clearing later.,rain,"remote,41630099999"
Faisalabad,2024-07-27,114.2,88.8,101,134.3,106.4,115.9,75.2,47.7,0.004,100,4.17,rain,0,0,19.7,12.5,136,993.8,23.5,10.8,305.9,26.4,9,30,2024-07-27T05:21:04,2024-07-27T19:07:02,0.71,"Rain, Partially cloudy",Partly cloudy throughout the day with late afternoon rain.,rain,"remote,41630099999"
Faisalabad,2024-07-28,108.4,89.7,98.5,125.1,105.8,115.1,76.8,52.7,0.008,100,8.33,rain,0,0,17.4,15.7,130.7,995.4,55.5,10.8,239.1,20.7,9,30,2024-07-28T05:21:42,2024-07-28T19:06:21,0.75,"Rain, Partially cloudy",Partly cloudy throughout the day with rain.,rain,"remote,41630099999"
Faisalabad,2024-07-29,104.5,78.9,96.4,129.7,78.9,110.5,76.6,56.6,0.386,100,12.5,rain,0,0,15.7,18.3,112.1,995.7,68.3,10.6,172.1,15,8,30,2024-07-29T05:22:20,2024-07-29T19:05:39,0.78,"Rain, Partially cloudy",Partly cloudy throughout the day with rain.,rain,"remote,41630099999"
Faisalabad,2024-07-30,106.4,80.7,97.1,126.9,87.2,112.2,76.3,55.8,0.012,100,8.33,rain,0,0,17,10.5,83.3,997.4,71.1,10.8,226.9,19.7,7,30,2024-07-30T05:22:58,2024-07-30T19:04:56,0.82,"Rain, Partially cloudy",Partly cloudy throughout the day with afternoon rain.,rain,"remote,41630099999"
Faisalabad,2024-07-31,112,87,99.8,131.2,105,115.3,76.2,50.8,0.004,100,4.17,rain,0,0,13.4,8.9,66,996,59.6,10.8,254.6,22,8,30,2024-07-31T05:23:36,2024-07-31T19:04:11,0.85,"Rain, Partially cloudy",Partly cloudy throughout the day with late afternoon rain.,rain,"remote,41630099999"
Faisalabad,2024-08-01,101.6,82.5,91.2,112.5,91.3,102.5,75.4,61.9,0.201,100,25,rain,0,0,20.8,18.3,144.5,996.3,91.6,10.8,142.8,12.2,5,30,2024-08-01T05:24:15,2024-08-01T19:03:25,0.89,"Rain, Overcast",Cloudy skies throughout the day with rain.,rain,"remote,41630099999"
Faisalabad,2024-08-02,99.6,82.5,91.4,111.1,92.4,101.8,74.6,60.2,0,0,0,,0,0,15.7,11.2,122.4,996.6,52.4,10.7,294.4,25.4,9,30,2024-08-02T05:24:53,2024-08-02T19:02:37,0.92,Partially cloudy,Partly cloudy throughout the day.,partly-cloudy-day,"remote,41630099999"
Faisalabad,2024-08-03,99.6,84.3,93.1,123.6,96.4,106.3,75.9,58.6,0.111,100,8.33,rain,0,0,15.4,12.8,108,997.4,52.3,11.1,253.8,21.9,9,30,2024-08-03T05:25:32,2024-08-03T19:01:49,0.96,"Rain, Partially cloudy",Partly cloudy throughout the day with morning rain.,rain,"remote,41630099999"
Faisalabad,2024-08-04,100.7,82.5,90.7,112.2,92.4,102.5,76,64.2,0.276,100,4.17,rain,0,0,15.2,11.4,111.9,999.7,61.2,10.9,218.9,18.9,9,30,2024-08-04T05:26:10,2024-08-04T19:00:59,0,"Rain, Partially cloudy",Partly cloudy throughout the day with afternoon rain.,rain,"remote,41630099999"
Faisalabad,2024-08-05,101.6,82.5,92.3,115.1,92.4,104.6,75.8,60.6,0.072,100,16.67,rain,0,0,12.3,7.8,116.1,999.7,63.9,10,187.3,16.2,9,30,2024-08-05T05:26:48,2024-08-05T19:00:08,0.03,"Rain, Partially cloudy",Partly cloudy throughout the day with a chance of rain throughout the day.,rain,"remote,41630099999"
Faisalabad,2024-08-06,101.7,84.3,94.1,113.7,98.1,106.1,74.9,55.6,0.004,100,4.17,rain,0,0,16.1,9.6,121.1,997.4,62.7,10.8,172,15,8,30,2024-08-06T05:27:27,2024-08-06T18:59:16,0.06,"Rain, Partially cloudy",Partly cloudy throughout the day with afternoon rain.,rain,"remote,41630099999"
Faisalabad,2024-08-07,103,86.1,93.9,120.7,99.7,107.8,76.4,58.6,0,0,0,,0,0,14.3,11.4,120.4,997.7,39.8,10.8,198.4,17,9,30,2024-08-07T05:28:05,2024-08-07T18:58:23,0.09,Partially cloudy,Partly cloudy throughout the day.,partly-cloudy-day,"remote,41630099999"
Faisalabad,2024-08-08,100.8,84.3,91.9,118.7,97.6,105.2,76.6,63,0.008,100,4.17,rain,0,0,14.5,11.4,106.3,1000.1,65.1,10.8,213.4,18.3,8,30,2024-08-08T05:28:44,2024-08-08T18:57:28,0.12,"Rain, Partially cloudy",Partly cloudy throughout the day with morning rain.,rain,"remote,41630099999"
Faisalabad,2024-08-09,100.7,85.2,93,123.1,99.5,106.1,76.1,60.6,0.827,100,4.17,rain,0,0,13.9,9.2,125.4,1001.4,53.9,10.8,190.1,16.4,8,30,2024-08-09T05:29:22,2024-08-09T18:56:33,0.16,"Rain, Partially cloudy",Partly cloudy throughout the day with afternoon rain.,rain,"remote,41630099999"
Faisalabad,2024-08-10,102.8,84.3,94.9,123.6,100.1,108.2,75.3,55.8,0,0,0,,0,0,17.9,11.9,127.8,1000,69.4,10.8,196.5,17,8,30,2024-08-10T05:30:00,2024-08-10T18:55:36,0.19,Partially cloudy,Partly cloudy throughout the day.,partly-cloudy-day,"remote,41630099999"
Faisalabad,2024-08-11,101.9,84.3,92.3,114,95.4,104.1,75.5,60,0.114,100,16.67,rain,0,0,17.7,13.9,122.4,998.5,43.8,10.5,200.9,17.3,9,60,2024-08-11T05:30:38,2024-08-11T18:54:39,0.22,"Rain, Partially cloudy",Partly cloudy throughout the day with a chance of rain throughout the day.,rain,"remote,41630099999"
Faisalabad,2024-08-12,101.2,84.8,93,110.6,95.3,103.1,74,56.6,0.107,100,29.17,rain,0,0,15,8.9,97.9,1000.4,21,15,269.2,23.2,9,60,2024-08-12T05:31:16,2024-08-12T18:53:40,0.25,"Rain, Partially cloudy",Partly cloudy throughout the day with a chance of rain throughout the day.,rain,remote
Faisalabad,2024-08-13,102.6,84.3,93.8,116.5,96.7,105.3,74.6,55.6,0,0,0,,0,0,17.4,12.3,123.7,1001.7,35.1,11.3,246.9,21.4,9,30,2024-08-13T05:31:54,2024-08-13T18:52:41,0.29,Partially cloudy,Partly cloudy throughout the day.,partly-cloudy-day,"remote,41630099999"
Faisalabad,2024-08-14,103.2,84.3,94.3,118.6,95.7,106.1,74.6,55.1,0,0,0,,0,0,14.8,10.1,130.7,1001.8,34.6,10.8,231.4,19.9,9,30,2024-08-14T05:32:32,2024-08-14T18:51:40,0.32,Partially cloudy,Partly cloudy throughout the day.,partly-cloudy-day,"remote,41630099999"
Faisalabad,2024-08-15,102.3,86.1,94.7,119.3,102.1,107.8,75.4,55.6,0,0,0,,0,0,17.7,11.4,120.4,1000.5,51.9,10.8,184,16.1,8,30,2024-08-15T05:33:10,2024-08-15T18:50:38,0.35,Partially cloudy,Partly cloudy throughout the day.,partly-cloudy-day,"remote,41630099999"
Faisalabad,2024-08-16,102.5,78.9,91.1,113.7,78.9,102,75.9,64.2,1.181,100,12.5,rain,0,0,14.3,11.4,97.6,1000.3,60.1,10.7,227.4,19.7,9,30,2024-08-16T05:33:48,2024-08-16T18:49:36,0.39,"Rain, Partially cloudy",Partly cloudy throughout the day with rain.,rain,"remote,41630099999"
Faisalabad,2024-08-17,91.8,78.9,85.8,102.2,78.9,95.5,76.7,75.6,1.063,100,12.5,rain,0,0,14.1,10.5,67,1003.1,93.1,10.2,110,9.5,5,30,2024-08-17T05:34:25,2024-08-17T18:48:33,0.42,"Rain, Overcast",Cloudy skies throughout the day with rain clearing later.,rain,"remote,41630099999"
Faisalabad,2024-08-18,91.5,80.7,86,113.3,89.6,97.8,77.7,77.3,0.052,100,20.83,rain,0,0,14.8,9.4,228.7,1003.7,92.8,10.3,108.8,9.4,4,30,2024-08-18T05:35:03,2024-08-18T18:47:28,0.45,"Rain, Overcast",Cloudy skies throughout the day with rain clearing later.,rain,"remote,41630099999"
Faisalabad,2024-08-19,96.5,82.5,88.9,115.7,90,100.9,76.7,68.7,0,0,0,,0,0,10.5,9.2,220.8,1002,56.7,10.8,278,24,9,30,2024-08-19T05:35:40,2024-08-19T18:46:23,0.5,Partially cloudy,Partly cloudy throughout the day.,partly-cloudy-day,"remote,41630099999"
Faisalabad,2024-08-20,100.5,85.2,91.6,114.4,93.3,102.4,74.5,59,0.004,100,4.17,rain,0,0,13.2,8.3,191.7,1001.6,52,11.9,207.7,18,9,30,2024-08-20T05:36:17,2024-08-20T18:45:17,0.52,"Rain, Partially cloudy",Partly cloudy throughout the day with afternoon rain.,rain,"remote,41630099999"
Faisalabad,2024-08-21,99.2,85.2,91.7,108.7,94.3,101.7,73.8,58,0.004,100,4.17,rain,0,0,13.6,13.9,111.3,1003.2,55.8,10.8,211.3,18.4,9,30,2024-08-21T05:36:54,2024-08-21T18:44:10,0.55,"Rain, Partially cloudy",Partly cloudy throughout the day with early morning rain.,rain,"remote,41630099999"
Faisalabad,2024-08-22,100.1,83.4,91.7,112.8,94.2,101.6,73.8,57.8,0.047,100,12.5,rain,0,0,13.2,9.2,123.4,1002.3,40,10.6,222.3,19.3,9,30,2024-08-22T05:37:31,2024-08-22T18:43:03,0.59,"Rain, Partially cloudy",Partly cloudy throughout the day with rain.,rain,"remote,41630099999"
Faisalabad,2024-08-23,103.4,83.4,91.8,116.5,93.9,101.5,73.7,57.7,0.031,100,4.17,rain,0,0,17.7,13.6,149.3,1002.5,49.2,10.3,241.8,20.9,9,30,2024-08-23T05:38:08,2024-08-23T18:41:55,0.62,"Rain, Partially cloudy",Partly cloudy throughout the day with afternoon rain.,rain,"remote,41630099999"
Faisalabad,2024-08-24,104.6,83.4,93.3,118.6,92.5,101.4,71.1,51.9,0,0,0,,0,0,13.9,9.2,131.6,1002.4,11.5,10.8,286.3,24.7,9,30,2024-08-24T05:38:44,2024-08-24T18:40:46,0.66,Clear,Clear conditions throughout the day.,clear-day,"remote,41630099999"
Faisalabad,2024-08-25,105.9,85.2,94.5,119.3,91.1,104,71.2,50.9,0,0,0,,0,0,17.2,9.4,113.8,1000.8,20.1,10.8,284.7,24.4,9,30,2024-08-25T05:39:21,2024-08-25T18:39:36,0.69,Partially cloudy,Partly cloudy throughout the day.,partly-cloudy-day,"remote,41630099999"
Faisalabad,2024-08-26,103.4,86.1,93.4,119.3,96.5,105.1,74.7,56.6,0.004,100,4.17,rain,0,0,21.9,10.3,114.4,1000.5,69,10.8,210.7,18.2,9,60,2024-08-26T05:39:57,2024-08-26T18:38:26,0.75,"Rain, Partially cloudy",Partly cloudy throughout the day with afternoon rain.,rain,"remote,41630099999"
Faisalabad,2024-08-27,96.2,79.8,88.5,104.7,79.8,96.4,74,64.2,0.764,100,12.5,rain,0,0,23.3,14.3,90.7,1003.7,59.4,10.8,216.3,18.5,8,30,2024-08-27T05:40:34,2024-08-27T18:37:15,0.76,"Rain, Partially cloudy",Partly cloudy throughout the day with rain.,rain,"remote,41630099999"
Faisalabad,2024-08-28,87.5,78,82.4,95.1,78,87.5,73.8,75.9,0.173,100,12.5,rain,0,0,22.8,12.3,40.9,1004.2,86.2,10.5,82.4,6.9,3,30,2024-08-28T05:41:10,2024-08-28T18:36:03,0.8,"Rain, Partially cloudy",Partly cloudy throughout the day with rain.,rain,"remote,41630099999"
Faisalabad,2024-08-29,93.8,77.1,82,102,77.1,85.3,73.5,77.1,1.826,100,20.83,rain,0,0,19.9,12.5,66,1002.7,63.6,10.1,173.5,14.9,9,30,2024-08-29T05:41:46,2024-08-29T18:34:51,0.83,"Rain, Partially cloudy",Partly cloudy throughout the day with a chance of rain throughout the day.,rain,"remote,41630099999"
Faisalabad,2024-08-30,93.6,76.4,83.3,102.9,76.4,88.4,75.2,78.8,1.299,100,16.67,rain,0,0,12.5,9.2,74.1,1005.4,72.6,9.3,230.6,19.9,9,30,2024-08-30T05:42:22,2024-08-30T18:33:38,0.87,"Rain, Partially cloudy",Partly cloudy throughout the day with a chance of rain throughout the day.,rain,"remote,41630099999"
Faisalabad,2024-08-31,96,78.9,87,108.4,78.9,93.8,73,65.8,0,0,0,,0,0,10.5,6.5,318,1005.1,18.8,10.6,273.5,23.6,9,30,2024-08-31T05:42:58,2024-08-31T18:32:25,0.9,Clear,Clear conditions throughout the day.,clear-day,"remote,41630099999"
Faisalabad,2024-09-01,102.1,82.5,91.5,115.7,89.8,100.2,72.6,57,0,0,0,,0,0,10.3,6,218.3,1003.2,15.2,10.8,272.6,23.4,9,10,2024-09-01T05:43:34,2024-09-01T18:31:11,0.94,Clear,Clear conditions throughout the day.,clear-day,"remote,41630099999"
Faisalabad,2024-09-02,101.2,84.3,92.6,116.5,92,102,72.6,54.5,0,0,0,,0,0,14.1,10.1,155.8,1003.5,38.5,10.8,246.9,21.3,9,30,2024-09-02T05:44:09,2024-09-02T18:29:57,0.97,Partially cloudy,Partly cloudy throughout the day.,partly-cloudy-day,"remote,41630099999"
Faisalabad,2024-09-03,96.2,78.9,87.7,104.1,78.9,95.9,74,65.6,0.064,100,25,rain,0,0,17.9,9.8,87.8,1005.3,75.9,10.2,169.9,14.8,8,30,2024-09-03T05:44:45,2024-09-03T18:28:42,0,"Rain, Partially cloudy",Partly cloudy throughout the day with rain.,rain,"remote,41630099999"
Faisalabad,2024-09-04,97.2,78,88,106.8,78,94.2,71.9,61.5,0,0,0,,0,0,6.5,4.7,344.1,1003.2,24.3,10.8,270.5,23.3,9,10,2024-09-04T05:45:21,2024-09-04T18:27:27,0.04,Partially cloudy,Partly cloudy throughout the day.,partly-cloudy-day,"remote,41630099999"
Faisalabad,2024-09-05,101,81.6,91,108,87.4,97.3,69.9,52.9,0,0,0,,0,0,5.8,4.7,231.7,1000.2,16.2,10.8,272.1,23.5,9,10,2024-09-05T05:45:56,2024-09-05T18:26:12,0.07,Clear,Clear conditions throughout the day.,clear-day,"remote,41630099999"
Faisalabad,2024-09-06,103,82.5,92.5,115.1,88.9,99.6,70,51.3,0,0,0,,0,0,15.2,8.1,154,1001.6,21.9,10.8,269.9,23.3,9,10,2024-09-06T05:46:31,2024-09-06T18:24:56,0.11,Partially cloudy,Partly cloudy throughout the day.,partly-cloudy-day,"remote,41630099999"
Faisalabad,2024-09-07,101.6,80.7,90.8,109.5,85.8,98.3,71.8,56.2,0,0,0,,0,0,16.1,14.3,121.9,1003.2,20.7,10.8,248,21.5,9,10,2024-09-07T05:47:07,2024-09-07T18:23:40,0.14,Partially cloudy,Partly cloudy throughout the day.,partly-cloudy-day,"remote,41630099999"
Faisalabad,2024-09-08,101.9,81.6,91.4,111.7,89.7,99.2,72,55.6,0,0,0,,0,0,13.9,7.8,104,1003.4,6.7,10.8,265.8,23,9,30,2024-09-08T05:47:42,2024-09-08T18:22:23,0.17,Clear,Clear conditions throughout the day.,clear-day,"remote,41630099999"
Faisalabad,2024-09-09,104.8,83.4,93.3,118,89.8,101.8,70.9,51.9,0,0,0,,0,0,17.2,9.4,112.8,1000.8,5.4,10.8,267,23.1,9,10,2024-09-09T05:48:17,2024-09-09T18:21:06,0.21,Clear,Clear conditions throughout the day.,clear-day,"remote,41630099999"
Faisalabad,2024-09-10,104.1,83.4,92.4,115.3,89.5,99.3,69.9,51.6,0,0,0,,0,0,17.9,11.4,101.2,1000.2,10.4,10.8,265,23,9,10,2024-09-10T05:48:53,2024-09-10T18:19:49,0.24,Clear,Clear conditions throughout the day.,clear-day,"remote,41630099999"
Faisalabad,2024-09-11,103,81.6,91.6,114.2,89,99.3,71.6,55.1,0,0,0,,0,0,15,11.9,81.7,1000.8,12.3,10.8,262,22.7,9,30,2024-09-11T05:49:28,2024-09-11T18:18:32,0.25,Clear,Clear conditions throughout the day.,clear-day,"remote,41630099999"
Faisalabad,2024-09-12,105.5,82.5,93.5,118,90.1,100.1,69.2,49.1,0,0,0,,0,0,25.1,13.6,159.1,999,7.7,10.8,263.5,22.9,9,10,2024-09-12T05:50:03,2024-09-12T18:17:14,0.31,Clear,Clear conditions throughout the day.,clear-day,"remote,41630099999"
Faisalabad,2024-09-13,106.8,80.7,92.4,112.1,85.5,96.5,66.1,48.4,0,0,0,,0,0,26.2,16.6,138.8,997.9,4.2,12.4,262.6,22.7,9,10,2024-09-13T05:50:38,2024-09-13T18:15:57,0.34,Clear,Clear conditions throughout the day.,clear-day,"remote,41630099999"
Faisalabad,2024-09-14,101.4,80.7,90.4,106.7,83.5,94.2,65.6,47.6,0,0,0,,0,0,15.2,8.9,177.7,999.9,7.5,10.8,262.4,22.7,9,10,2024-09-14T05:51:14,2024-09-14T18:14:39,0.37,Clear,Clear conditions throughout the day.,clear-day,"remote,41630099999"
Faisalabad,2024-09-15,101.7,80.7,90.5,106.7,82.7,93.7,64.3,46.1,0.004,100,4.17,rain,0,0,13.9,8.3,224.5,1001.9,7.1,10.8,261.5,22.5,9,10,2024-09-15T05:51:49,2024-09-15T18:13:21,0.41,Rain,Clear conditions throughout the day with early morning rain.,rain,"remote,41630099999"
Faisalabad,2024-09-16,102.5,81.9,91.1,110,82.7,94.2,63.5,44.4,0,0,0,,0,0,12.8,6.7,223.5,1003.2,7.1,10.8,260.1,22.5,9,10,2024-09-16T05:52:24,2024-09-16T18:12:03,0.44,Clear,Clear conditions throughout the day.,clear-day,"remote,41630099999"
Faisalabad,2024-09-17,104.1,81.1,91.4,113.2,81.2,94.9,64.1,44.1,0,0,0,,0,0,20.8,10.1,144,1004.7,10.8,10.8,255.3,22,8,10,2024-09-17T05:53:00,2024-09-17T18:10:44,0.47,Clear,Clear conditions throughout the day.,clear-day,"remote,41630099999"
Faisalabad,2024-09-18,103.6,82.5,91.6,111.9,83.8,95.4,66,46.1,0,0,0,,0,0,19.7,9.6,122,1004.6,15.7,10.8,252.7,21.9,8,10,2024-09-18T05:53:35,2024-09-18T18:09:26,0.5,Clear,Clear conditions throughout the day.,clear-day,"remote,41630099999"
Faisalabad,2024-09-19,98.7,80.7,88.5,106.1,85.8,93,68.5,54.3,0,0,0,,0,0,12.1,12.5,141.4,1005.3,9.7,10.8,247.7,21.3,8,30,2024-09-19T05:54:11,2024-09-19T18:08:08,0.54,Clear,Clear conditions throughout the day.,clear-day,"remote,41630099999"
Faisalabad,2024-09-20,101,78.9,90,104.7,78.9,93,66.3,48.7,0,0,0,,0,0,8.7,6.3,176.1,1004.1,1.3,10.8,247.3,21.3,8,10,2024-09-20T05:54:46,2024-09-20T18:06:50,0.57,Clear,Clear conditions throughout the day.,clear-day,"remote,41630099999"
Faisalabad,2024-09-21,104.8,81.6,92.4,113.2,84.7,96.5,66.2,45.7,0,0,0,,0,0,10.5,6.7,177.4,1004.9,2.9,10.8,248,21.4,8,10,2024-09-21T05:55:22,2024-09-21T18:05:31,0.61,Clear,Clear conditions throughout the day.,clear-day,"remote,41630099999"
Faisalabad,2024-09-22,105.7,82.5,93.4,114.8,85.8,98,66.5,44.9,0,0,0,,0,0,8.7,5.8,207.3,1004.5,5.7,10.8,247.9,21.4,8,10,2024-09-22T05:55:58,2024-09-22T18:04:13,0.64,Clear,Clear conditions throughout the day.,clear-day,"remote,41630099999"
Faisalabad,2024-09-23,107.3,83.4,94.8,117.5,87,99.2,65.6,42.1,0,0,0,,0,0,6.9,5.1,196.3,1004.2,2.9,10.8,247,21.4,8,10,2024-09-23T05:56:34,2024-09-23T18:02:55,0.68,Clear,Clear conditions throughout the day.,clear-day,"remote,41630099999"
Faisalabad,2024-09-24,106.6,84.3,94.7,115.9,84.5,98.6,63.9,39.8,0,0,0,,0,0,11.4,6.9,132.6,1002.8,8.6,10.8,246.8,21.4,8,10,2024-09-24T05:57:10,2024-09-24T18:01:37,0.75,Clear,Clear conditions throughout the day.,clear-day,"remote,41630099999"
Faisalabad,2024-09-25,105.2,84.3,93.6,114.4,85,98.4,65.7,43.5,0,0,0,,0,0,17.4,8.9,115.4,1002.6,15.7,10.8,243.6,21,8,10,2024-09-25T05:57:46,2024-09-25T18:00:19,0.74,Clear,Clear conditions throughout the day.,clear-day,"remote,41630099999"
Faisalabad,2024-09-26,104.3,82.5,93.2,112.1,85.9,98.7,67.3,46.6,0,0,0,,0,0,22.1,12.5,99.9,1002.3,9.8,10.8,240.1,20.9,8,10,2024-09-26T05:58:23,2024-09-26T17:59:02,0.78,Clear,Clear conditions throughout the day.,clear-day,"remote,41630099999"
Faisalabad,2024-09-27,102.6,75.3,89,106.2,75.3,94.4,70.9,59.2,1.26,100,8.33,rain,0,0,21,23,114.6,1002.6,22,10.8,234.4,20.3,8,30,2024-09-27T05:58:59,2024-09-27T17:57:44,0.81,"Rain, Partially cloudy",Partly cloudy throughout the day with rain in the morning and afternoon.,rain,"remote,41630099999"
Faisalabad,2024-09-28,96.7,71.7,86.7,103.6,71.7,91,70.4,60.9,1.299,100,12.5,rain,0,0,15.7,11.4,87.5,1004.9,25,10.7,177.1,15.3,8,60,2024-09-28T05:59:36,2024-09-28T17:56:27,0.85,"Rain, Partially cloudy",Partly cloudy throughout the day with rain clearing later.,rain,"remote,41630099999"
Faisalabad,2024-09-29,101.4,79.2,88.1,106.1,79.2,92.8,69.6,57.9,0.048,100,16.67,rain,0,0,15.9,8.7,90.5,1008.1,15.5,11,225.7,19.4,8,30,2024-09-29T06:00:13,2024-09-29T17:55:10,0.88,Rain,Clear conditions throughout the day with rain.,rain,"remote,41630099999"
Faisalabad,2024-09-30,102.1,79.8,90.1,112.8,79.8,94.7,67.8,52.2,0.008,100,8.33,rain,0,0,12.3,6.9,197.4,1007.2,4.6,10.6,232.7,20.1,8,10,2024-09-30T06:00:50,2024-09-30T17:53:53,0.92,Rain,Clear conditions throughout the day with early morning rain.,rain,"remote,41630099999"
Faisalabad,2024-10-01,105,81.6,92.1,115.3,84.6,95.8,63.6,44.5,0,0,0,,0,0,10.1,6.7,216.6,1003.4,0,10.8,232.8,20.1,8,10,2024-10-01T06:01:28,2024-10-01T17:52:37,0.95,Clear,Clear conditions throughout the day.,clear-day,"remote,41630099999"
Faisalabad,2024-10-02,103.6,78,89.9,116.3,78,93.5,63.7,47,0,0,0,,0,0,15.7,9.2,104.1,1003.4,0,10.8,233,20.2,8,10,2024-10-02T06:02:05,2024-10-02T17:51:21,0,Clear,Clear conditions throughout the day.,clear-day,"remote,41630099999"
Faisalabad,2024-10-03,103.6,78,89.6,106.7,78,90.9,60.1,43.1,0,0,0,,0,0,12.8,7.6,107.2,1002.5,1.3,10.7,232.3,20.1,8,10,2024-10-03T06:02:43,2024-10-03T17:50:05,0.02,Clear,Clear conditions throughout the day.,clear-day,"remote,41630099999"
Faisalabad,2024-10-04,103.6,77.1,88.9,106.7,77.1,89.3,55,39.7,0,0,0,,0,0,17,11.4,116.3,1003.4,0,10.8,233.4,20.1,8,10,2024-10-04T06:03:22,2024-10-04T17:48:50,0.05,Clear,Clear conditions throughout the day.,clear-day,"remote,41630099999"
Faisalabad,2024-10-05,101.9,77.1,88.4,107.3,77.1,89.5,55.7,40.1,0,0,0,,0,0,16.1,9.2,107.3,1005.3,13.3,10.8,229.1,19.7,8,10,2024-10-05T06:04:00,2024-10-05T17:47:35,0.09,Clear,Clear conditions throughout the day.,clear-day,"remote,41630099999"
Faisalabad,2024-10-06,98.5,71.7,85,95.5,71.7,84.2,55.3,40.7,0,0,0,,0,0,8.5,9.2,67,1010.2,4.8,10.8,225.8,19.4,8,10,2024-10-06T06:04:39,2024-10-06T17:46:21,0.12,Clear,Clear conditions throughout the day.,clear-day,"remote,41630099999"
Faisalabad,2024-10-07,99.2,73.5,86.5,96.6,73.5,86.1,58.2,42.2,0,0,0,,0,0,18.8,6.5,138.1,1012.2,7,10.8,221.7,19.3,8,10,2024-10-07T06:05:18,2024-10-07T17:45:07,0.15,Clear,Clear conditions throughout the day.,clear-day,"remote,41630099999"
Faisalabad,2024-10-08,97.4,74.4,85.8,96.2,74.4,85.2,56.8,41.6,0,0,0,,0,0,17,7.8,70.2,1012.2,27.1,10.7,216.8,18.7,8,10,2024-10-08T06:05:57,2024-10-08T17:43:54,0.19,Partially cloudy,Partly cloudy throughout the day.,partly-cloudy-day,"remote,41630099999"
Faisalabad,2024-10-09,96.7,71.7,85,93.3,71.7,83.7,54.5,38.7,0,0,0,,0,0,8.5,5.6,49.5,1010.5,5.9,10.8,218.2,18.8,8,10,2024-10-09T06:06:37,2024-10-09T17:42:41,0.22,Clear,Clear conditions throughout the day.,clear-day,"remote,41630099999"
Faisalabad,2024-10-10,96.9,71.7,84.4,92.7,71.7,83.1,52.8,38,0,0,0,,0,0,5.4,4.7,137.5,1009.5,0.6,10.7,219.4,19,8,10,2024-10-10T06:07:17,2024-10-10T17:41:29,0.25,Clear,Clear conditions throughout the day.,clear-day,"remote,41630099999"
Faisalabad,2024-10-11,98,73.5,84.9,94.7,73.5,83.7,49.4,35,0,0,0,,0,0,6.7,6.3,273.8,1009,0,10.8,220.6,19.1,8,10,2024-10-11T06:07:57,2024-10-11T17:40:17,0.29,Clear,Clear conditions throughout the day.,clear-day,"remote,41630099999"
Faisalabad,2024-10-12,97.8,73.5,85.2,97.8,73.5,84,47.1,32.7,0,0,0,,0,0,6,6.9,152.6,1009.2,0,10.8,221.9,19.1,8,10,2024-10-12T06:08:38,2024-10-12T17:39:06,0.32,Clear,Clear conditions throughout the day.,clear-day,"remote,41630099999"
Faisalabad,2024-10-13,97.2,71.7,84.3,94,71.7,82.7,43.9,30.2,0,0,0,,0,0,9.6,6.7,124.5,1009.9,0,10.8,220.6,19,8,10,2024-10-13T06:09:19,2024-10-13T17:37:56,0.36,Clear,Clear conditions throughout the day.,clear-day,"remote,41630099999"
Faisalabad,2024-10-14,96.7,70.8,83.6,92.6,70.8,82,44.2,30.2,0,0,0,,0,0,8.3,6.3,87.3,1011,0,10.8,215.7,18.7,8,10,2024-10-14T06:10:01,2024-10-14T17:36:47,0.39,Clear,Clear conditions throughout the day.,clear-day,"remote,41630099999"
Faisalabad,2024-10-15,98.1,69,84.6,94,69,82.9,46.6,31.7,0,0,0,,0,0,5.4,4.7,244.4,1009.8,0,10.8,214.3,18.4,8,10,2024-10-15T06:10:42,2024-10-15T17:35:38,0.43,Clear,Clear conditions throughout the day.,clear-day,"remote,41630099999"
Faisalabad,2024-10-16,99.2,69.9,84.3,94.2,69.9,82.7,45.6,31.5,0,0,0,,0,0,15.9,8.5,115.1,1007.6,11.2,10.8,213.4,18.3,8,10,2024-10-16T06:11:25,2024-10-16T17:34:30,0.46,Clear,Clear conditions throughout the day.,clear-day,"remote,41630099999"
Faisalabad,2024-10-17,97.6,69.9,83,92.9,69.9,81.7,46.6,33.7,0,0,0,,0,0,7.8,6.3,103.4,1008.5,0,10.8,210.5,18.1,8,10,2024-10-17T06:12:07,2024-10-17T17:33:22,0.5,Clear,Clear conditions throughout the day.,clear-day,"remote,41630099999"
Faisalabad,2024-10-18,96.5,71.7,83.7,95.1,71.7,82.7,49.6,36.1,0,0,0,,0,0,7.2,5.8,68.1,1009.2,0,10.8,207.1,18,7,10,2024-10-18T06:12:50,2024-10-18T17:32:16,0.53,Clear,Clear conditions throughout the day.,clear-day,"remote,41630099999"
Faisalabad,2024-10-19,97.1,71.7,84.2,95.1,71.7,83.3,52.4,38.6,0,0,0,,0,0,5.1,4.5,70.2,1010.2,0,10.6,205,17.7,7,10,2024-10-19T06:13:33,2024-10-19T17:31:10,0.56,Clear,Clear conditions throughout the day.,clear-day,"remote,41630099999"
Faisalabad,2024-10-20,97.1,72.6,84.4,92.9,72.6,83.2,49.2,34.5,0,0,0,,0,0,8.5,6.9,110.4,1010.7,0,11.2,204.6,17.7,7,10,2024-10-20T06:14:17,2024-10-20T17:30:06,0.59,Clear,Clear conditions throughout the day.,clear-day,"remote,41630099999"
Faisalabad,2024-10-21,97.1,71.7,83.5,96.9,71.7,82.5,48.4,35.8,0,0,0,,0,0,10.1,6.9,120.7,1011.4,0,10.7,203.8,17.5,7,10,2024-10-21T06:15:01,2024-10-21T17:29:02,0.63,Clear,Clear conditions throughout the day.,clear-day,"remote,41630099999"
Faisalabad,2024-10-22,96.3,71.7,83.1,95.6,71.7,82.1,46.3,33.9,0,0,0,,0,0,8.3,6.9,151.7,1012.5,0,10.7,202.6,17.5,7,10,2024-10-22T06:15:46,2024-10-22T17:27:59,0.66,Clear,Clear conditions throughout the day.,clear-day,"remote,41630099999"
Faisalabad,2024-10-23,95.1,71.7,82.7,93.7,71.7,81.5,47.4,35.1,0,0,0,,0,0,6.9,5.4,121.1,1012.7,0.5,10.6,198.2,17,7,10,2024-10-23T06:16:31,2024-10-23T17:26:57,0.69,Clear,Clear conditions throughout the day.,clear-day,"remote,41630099999"
Faisalabad,2024-10-24,95.6,71.7,82.8,91.1,71.7,81.5,45.8,34.2,0,0,0,,0,0,6,4.7,5.1,1011.9,0,10.6,197.3,17,7,10,2024-10-24T06:17:16,2024-10-24T17:25:56,0.75,Clear,Clear conditions throughout the day.,clear-day,"remote,41630099999"
Faisalabad,2024-10-25,97.1,69.9,83.3,95.1,69.9,81.9,49.6,36.5,0,0,0,,0,0,7.8,6.3,331.9,1010.8,0,10.7,194.5,16.8,7,10,2024-10-25T06:18:02,2024-10-25T17:24:57,0.76,Clear,Clear conditions throughout the day.,clear-day,"remote,41630099999"
Faisalabad,2024-10-26,99.1,71.7,84.9,96.3,71.7,83.8,51.1,36.5,0,0,0,,0,0,9.6,6,314.1,1009.4,0,10.8,192.5,16.6,7,10,2024-10-26T06:18:48,2024-10-26T17:23:58,0.79,Clear,Clear conditions throughout the day.,clear-day,"remote,41630099999"
Faisalabad,2024-10-27,97.8,71.7,84.6,99.1,71.7,83.9,51.8,36.8,0,0,0,,0,0,11.6,7.2,98.8,1008,1.2,11.2,190.3,16.6,7,10,2024-10-27T06:19:35,2024-10-27T17:23:00,0.83,Clear,Clear conditions throughout the day.,clear-day,"remote,41630099999"
Faisalabad,2024-10-28,95.8,71.7,83,93.9,71.7,82.4,55.2,42.4,0,0,0,,0,0,15,7.8,98.9,1007.1,2,10.6,187.8,16.4,7,10,2024-10-28T06:20:22,2024-10-28T17:22:04,0.86,Clear,Clear conditions throughout the day.,clear-day,"remote,41630099999"
Faisalabad,2024-10-29,95.3,74.4,83.6,94.7,74.4,83.1,56.9,43.8,0,0,0,,0,0,14.1,7.4,89.6,1008,2.2,10.6,183.6,15.8,7,10,2024-10-29T06:21:09,2024-10-29T17:21:08,0.89,Clear,Clear conditions throughout the day.,clear-day,"remote,41630099999"
Faisalabad,2024-10-30,95.3,73.5,83.2,92.1,73.5,82.1,55.3,41.7,0,0,0,,0,0,7.6,9.2,53.9,1010,33.7,10.8,178.4,15.5,7,10,2024-10-30T06:21:57,2024-10-30T17:20:14,0.93,Partially cloudy,Becoming cloudy in the afternoon.,partly-cloudy-day,"remote,41630099999"
Faisalabad,2024-10-31,95.8,69.9,82.1,91.1,69.9,80.7,48.6,36.4,0,0,0,,0,0,13,9.8,328,1012,1.5,11.3,187.7,16.3,7,10,2024-10-31T06:22:45,2024-10-31T17:19:21,0.96,Clear,Clear conditions throughout the day.,clear-day,"remote,41630099999"
Faisalabad,2024-11-01,95.8,64.5,81.1,91.8,64.5,79.6,45.9,34.6,0,0,0,,0,0,8.9,6.9,277.4,1011.2,7.1,10.8,183.6,15.7,7,10,2024-11-01T06:23:34,2024-11-01T17:18:30,0,Clear,Clear conditions throughout the day.,clear-day,"remote,41630099999"
Faisalabad,2024-11-02,93.8,64.5,80.6,92.9,64.5,79.6,43.7,33.9,0,0,0,,0,0,7.4,5.8,76.3,1012.2,1.1,10.6,185,15.9,7,10,2024-11-02T06:24:23,2024-11-02T17:17:39,0.03,Clear,Clear conditions throughout the day.,clear-day,"remote,41630099999"
Faisalabad,2024-11-03,92.6,64.5,79.5,88.5,64.5,78.2,42.7,32.4,0,0,0,,0,0,7.4,5.6,93.4,1013.9,1,10.7,180.6,15.5,7,10,2024-11-03T06:25:12,2024-11-03T17:16:50,0.06,Clear,Clear conditions throughout the day.,clear-day,"remote,41630099999"
Faisalabad,2024-11-04,92.9,65.4,80.2,88.5,65.4,78.8,42.9,31.9,0,0,0,,0,0,5.4,4.7,134.2,1012,1.7,11.2,178.5,15.5,7,10,2024-11-04T06:26:02,2024-11-04T17:16:02,0.1,Clear,Clear conditions throughout the day.,clear-day,"remote,41630099999"
Faisalabad,2024-11-05,92,66.3,79.6,89.2,66.3,78.5,45.8,36.4,0,0,0,,0,0,7.2,5.6,107.5,1013.7,0.8,10.4,176,15.2,7,10,2024-11-05T06:26:52,2024-11-05T17:15:16,0.13,Clear,Clear conditions throughout the day.,clear-day,"remote,41630099999"
Faisalabad,2024-11-06,92.9,66.3,79.3,88.7,66.3,78.3,47.7,39.2,0,0,0,,0,0,3.6,3.6,99.9,1014.3,0,10.3,175.2,15.2,7,10,2024-11-06T06:27:42,2024-11-06T17:14:31,0.17,Clear,Clear conditions throughout the day.,clear-day,"remote,41630099999"
Faisalabad,2024-11-07,90.8,66.3,78.2,87,66.3,77.5,49.6,42.9,0,0,0,,0,0,10.7,7.2,95.6,1013.3,4.7,10.2,173.5,14.9,7,10,2024-11-07T06:28:33,2024-11-07T17:13:47,0.2,Clear,Clear conditions throughout the day.,clear-day,"remote,41630099999"
Faisalabad,2024-11-08,90.8,66.3,77.6,87.2,66.3,76.8,52.4,47.7,0,0,0,,0,0,9.6,6.3,82,1013.2,0.9,10.2,170,14.6,6,10,2024-11-08T06:29:24,2024-11-08T17:13:05,0.24,Clear,Clear conditions throughout the day.,clear-day,"remote,41630099999"
Faisalabad,2024-11-09,90.2,66.3,77.3,86.8,66.3,76.5,52.9,49,0,0,0,,0,0,6.7,6.9,84,1013.4,0.7,10.1,168.3,14.6,6,10,2024-11-09T06:30:15,2024-11-09T17:12:24,0.25,Clear,Clear conditions throughout the day.,clear-day,"remote,41630099999"
Faisalabad,2024-11-10,89.9,65.4,76.6,86.2,65.4,75.7,52.3,50.3,0,0,0,,0,0,8.3,6.5,84.1,1013.7,5.4,10.1,167.3,14.6,6,10,2024-11-10T06:31:06,2024-11-10T17:11:45,0.3,Clear,Clear conditions throughout the day.,clear-day,"remote,41630099999"
Faisalabad,2024-11-11,89.7,65.4,75.1,86,65.4,74.5,53.4,54.5,0,0,0,,0,0,13,7.4,104.6,1013.1,3.9,10,165.3,14.4,6,10,2024-11-11T06:31:58,2024-11-11T17:11:07,0.34,Clear,Clear conditions throughout the day.,clear-day,"remote,41630099999"
Faisalabad,2024-11-12,87.9,65.4,74.7,84.7,65.4,74.2,54.2,55.4,0,0,0,,0,0,9.2,6.3,20.7,1014,2.8,10.1,164,14.1,6,10,2024-11-12T06:32:50,2024-11-12T17:10:31,0.37,Clear,Clear conditions throughout the day.,clear-day,"remote,41630099999"
Faisalabad,2024-11-13,85.6,64.5,73.3,82.6,64.5,72.9,50.9,52.9,0,0,0,,0,0,4.5,4.7,228.5,1012.7,27.8,10,150.4,13.1,6,10,2024-11-13T06:33:42,2024-11-13T17:09:56,0.41,Partially cloudy,Partly cloudy throughout the day.,partly-cloudy-day,"remote,41630099999"
Faisalabad,2024-11-14,85.2,64.5,73,82.4,64.5,72.5,50.2,52.8,0,0,0,,0,0,6.3,5.6,113.1,1014.6,70.2,10,148.1,12.8,5,10,2024-11-14T06:34:34,2024-11-14T17:09:23,0.44,Partially cloudy,Partly cloudy throughout the day.,partly-cloudy-day,"remote,41630099999"
Faisalabad,2024-11-15,85.6,62.7,72.6,82.6,62.7,72.1,49.3,50.8,0,0,0,,0,0,6.5,4.9,150.4,1014.3,31.4,10.1,158.7,13.7,6,10,2024-11-15T06:35:26,2024-11-15T17:08:51,0.48,Partially cloudy,Partly cloudy throughout the day.,partly-cloudy-day,"remote,41630099999"
Faisalabad,2024-11-16,82.3,61.8,70.3,80.5,61.8,70.1,52.5,58,0.024,100,12.5,rain,0,0,12.8,7.4,18.9,1013.5,13.9,9.8,157.3,13.7,6,10,2024-11-16T06:36:18,2024-11-16T17:08:22,0.5,Rain,Clear conditions throughout the day with early morning rain.,rain,"remote,41630099999"
Faisalabad,2024-11-17,81.8,57.3,69.7,79.8,57.3,69.5,45.1,47.4,0,0,0,,0,0,9.2,6.5,336.3,1014.8,0,10.4,160.8,13.8,6,10,2024-11-17T06:37:11,2024-11-17T17:07:53,0.55,Clear,Clear conditions throughout the day.,clear-day,"remote,41630099999"
Faisalabad,2024-11-18,82.8,63.4,71.6,80.3,63.4,71.1,33.9,26.3,0,0,0,,0,0,8.3,7.2,319.4,1015.4,13.9,15,159.8,13.9,6,10,2024-11-18T06:38:03,2024-11-18T17:07:27,0.58,Clear,Clear conditions throughout the day.,clear-day,remote
Faisalabad,2024-11-19,82.1,62.1,71.2,79.8,62.1,70.7,31.2,23.7,0,0,0,,0,0,5.8,4.3,345,1016.2,0,15,160.9,13.7,6,10,2024-11-19T06:38:56,2024-11-19T17:07:02,0.61,Clear,Clear conditions throughout the day.,clear-day,remote
Faisalabad,2024-11-20,82.7,62.5,71.5,80.2,62.5,71,30.9,22.9,0,0,0,,0,0,6.3,4.9,324.9,1014.9,2,15,159.1,13.7,6,10,2024-11-20T06:39:48,2024-11-20T17:06:38,0.64,Clear,Clear conditions throughout the day.,clear-day,remote
Faisalabad,2024-11-21,82.7,63.2,72,80.2,63.2,71.5,30.8,22.4,0,0,0,,0,0,3.6,3.6,99.7,1014.3,1.4,15,157,13.6,6,10,2024-11-21T06:40:40,2024-11-21T17:06:17,0.68,Clear,Clear conditions throughout the day.,clear-day,remote
Faisalabad,2024-11-22,82.8,63.6,72.3,80.4,63.6,71.8,34.6,25.6,0,0,0,,0,0,5.8,5.1,132.2,1013.3,26.9,15,152.7,13.1,6,10,2024-11-22T06:41:32,2024-11-22T17:05:57,0.71,Partially cloudy,Clearing in the afternoon.,partly-cloudy-day,remote
Faisalabad,2024-11-23,81.2,62.9,71.2,79.3,62.9,70.9,35.6,27.7,0,0,0,,0,0,13,7.2,89.7,1014.1,16.5,15,150.6,13,6,10,2024-11-23T06:42:25,2024-11-23T17:05:39,0.75,Clear,Clear conditions throughout the day.,clear-day,remote
Faisalabad,2024-11-24,81.9,61.6,70.6,79.8,61.6,70.2,38.8,32.7,0,0,0,,0,0,13.9,7.6,13.4,1015.4,0,15,151.5,13.1,6,10,2024-11-24T06:43:16,2024-11-24T17:05:22,0.77,Clear,Clear conditions throughout the day.,clear-day,remote
Faisalabad,2024-11-25,81.9,62.3,70.8,79.8,62.3,70.4,37.6,31.1,0,0,0,,0,0,7.8,6.3,307.8,1015.1,9.7,15,150.5,13,6,10,2024-11-25T06:44:08,2024-11-25T17:05:08,0.81,Clear,Clear conditions throughout the day.,clear-day,remote
Faisalabad,2024-11-26,81.9,62.3,70.9,79.6,62.3,70.4,31.3,24.2,0,0,0,,0,0,4.9,4.3,326.5,1014.2,0.6,15,152.1,13.1,6,10,2024-11-26T06:45:00,2024-11-26T17:04:55,0.84,Clear,Clear conditions throughout the day.,clear-day,remote
Faisalabad,2024-11-27,81.4,61.8,70.4,79.6,61.8,70,28.5,21.7,0,0,0,,0,0,3.8,3.8,50.7,1013.5,0,15,152.7,13.1,6,10,2024-11-27T06:45:51,2024-11-27T17:04:44,0.87,Clear,Clear conditions throughout the day.,clear-day,
Faisalabad,2024-11-28,80.7,60.9,69.6,79.4,60.9,69.4,27.5,21.2,0,0,0,,0,0,4.9,4.5,37.8,1015.1,5.8,15,152,13.1,6,10,2024-11-28T06:46:42,2024-11-28T17:04:34,0.9,Clear,Clear conditions throughout the day.,clear-day,
Faisalabad,2024-11-29,80.1,60.5,69.6,80,60.5,69.6,28.7,22.3,0,0,0,,0,0,4.7,4.5,1.3,1014.4,38.8,15,147.7,13,6,10,2024-11-29T06:47:32,2024-11-29T17:04:27,0.94,Partially cloudy,Becoming cloudy in the afternoon.,partly-cloudy-day,
Faisalabad,2024-11-30,82.1,63.6,70.8,80,63.6,70.6,29.2,22,0,0,0,,0,0,5.6,4.7,322.4,1012.7,15.2,15,145.4,13,5,10,2024-11-30T06:48:22,2024-11-30T17:04:21,0.97,Clear,Clear conditions throughout the day.,clear-day,
Faisalabad,2024-12-01,82.3,63.4,70.9,80,63.4,70.7,34.3,26.4,0,0,0,,0,0,5.8,4.9,300.1,1012.2,23.4,15,145,13,5,10,2024-12-01T06:49:11,2024-12-01T17:04:17,0,Partially cloudy,Partly cloudy throughout the day.,partly-cloudy-day,
Faisalabad,2024-12-02,82.3,63.6,71.2,79.9,63.6,70.9,33.4,25.7,0,3.2,0,,0,0,4.7,4.9,99.1,1012.9,3.4,15,142,12.3,5,10,2024-12-02T06:50:00,2024-12-02T17:04:15,0.04,Clear,Clear conditions throughout the day.,clear-day,
Faisalabad,2024-12-03,82.3,63.1,70.8,80,63.1,70.5,35.7,28.2,0,3.2,0,,0,0,7.2,5.1,346.6,1014.5,1.4,15,142.3,12.3,5,10,2024-12-03T06:50:49,2024-12-03T17:04:14,0.07,Clear,Clear conditions throughout the day.,clear-day,
Faisalabad,2024-12-04,82.3,63.2,70.8,80.1,63.2,70.6,37.6,30.5,0,3.2,0,,0,0,7.6,5.8,315.4,1015.5,1.1,15,141.1,12.3,5,10,2024-12-04T06:51:37,2024-12-04T17:04:15,0.11,Clear,Clear conditions throughout the day.,clear-day,
Faisalabad,2024-12-05,80.3,62,69.8,79,62,69.7,36.1,29.7,0,3.2,0,,0,0,4.7,4.7,346.6,1012.9,0,15,140.8,12.3,5,10,2024-12-05T06:52:24,2024-12-05T17:04:18,0.14,Clear,Clear conditions throughout the day.,clear-day,
Faisalabad,2024-12-06,78.3,60.3,67.4,78.3,60.3,67.4,30.5,25.7,0,6.5,0,,0,0,10.7,7.2,60.2,1011,8.5,15,141.8,12.3,5,10,2024-12-06T06:53:10,2024-12-06T17:04:23,0.18,Clear,Clear conditions throughout the day.,clear-day,
Faisalabad,2024-12-07,74,55.1,63.4,74,55.1,63.4,41.2,46.3,0.064,6.5,20.83,rain,0,0,19,10.7,59.9,1011.7,55.6,14.3,111.5,9.9,5,10,2024-12-07T06:53:56,2024-12-07T17:04:29,0.21,Partially cloudy,Partly cloudy throughout the day.,partly-cloudy-day,
Faisalabad,2024-12-08,70.6,52.1,59.9,70.6,52.1,59.9,43.7,56.5,0,6.5,0,,0,0,16.6,9.4,27.1,1017.1,11.3,15,137.8,12,5,10,2024-12-08T06:54:41,2024-12-08T17:04:38,0.25,Clear,Clear conditions throughout the day.,clear-day,
Faisalabad,2024-12-09,73.5,54.2,61.7,73.5,54.2,61.7,30.4,35,0,9.7,0,,0,0,9.6,7.2,314.8,1016.6,1.2,15,142.3,12.6,5,10,2024-12-09T06:55:25,2024-12-09T17:04:48,0.28,Clear,Clear conditions throughout the day.,clear-day,
Faisalabad,2024-12-10,74.9,54.2,62.4,74.9,54.2,62.4,16.6,17.8,0,9.7,0,,0,0,5.4,4.7,291.9,1014.5,15.7,15,144,12.6,6,10,2024-12-10T06:56:08,2024-12-10T17:04:59,0.32,Clear,Clear conditions throughout the day.,clear-day,
